City,State,Country,Estimate (low),Estimate (high),Average,city_state_country,lat,lon
Abilene,TX,US,200,200,200.0,"Abilene, TX, US",32.4487364,-99.73314390000002
Accident,MD,US,54,54,54.0,"Accident, MD, US",39.628696,-79.31975899999999
Adak,AK,US,10,10,10.0,"Adak, AK, US",51.88,-176.6580556
Adrian,MI,US,NA,NA,NA,"Adrian, MI, US",41.8975471,-84.03716589999999
Ajo,AZ,US,NA,NA,NA,"Ajo, AZ, US",32.3717248,-112.8607099
Alamosa,CO,US,350,350,350.0,"Alamosa, CO, US",37.4694491,-105.8700214
Albany,CA,US,NA,NA,NA,"Albany, CA, US",37.88687,-122.2977475
Albany,NY,US,7000,9000,8e3,"Albany, NY, US",42.6525793,-73.7562317
Albuquerque,NM,US,3000,20000,11500.0,"Albuquerque, NM, US",35.0853336,-106.6055534
Alpine,TX,US,96,96,96.0,"Alpine, TX, US",30.3584919,-103.6610115
Amarillo,TX,US,600,600,600.0,"Amarillo, TX, US",35.2219971,-101.8312969
Amelia Island,FL,US,700,700,700.0,"Amelia Island, FL, US",30.6265697,-81.46085599999999
Anacortes,WA,US,NA,NA,NA,"Anacortes, WA, US",48.51260449999999,-122.6126718
Anchorage,AK,US,2000,3000,2500.0,"Anchorage, AK, US",61.2180556,-149.9002778
Ann Arbor,MI,US,11000,11000,11e3,"Ann Arbor, MI, US",42.2808256,-83.7430378
Annapolis,MD,US,1600,1600,1600.0,"Annapolis, MD, US",38.9784453,-76.4921829
Arlington,VA,US,NA,NA,NA,"Arlington, VA, US",38.8816208,-77.09098089999999
Asbury Park,NJ,US,6000,6000,6e3,"Asbury Park, NJ, US",40.2203907,-74.0120817
Asheville,NC,US,7000,10000,8500.0,"Asheville, NC, US",35.5950581,-82.5514869
Ashland,OR,US,6000,6000,6e3,"Ashland, OR, US",42.1945758,-122.7094767
Aspen,CO,US,1000,1000,1e3,"Aspen, CO, US",39.1910983,-106.8175387
Astoria,OR,US,100,1000,550.0,"Astoria, OR, US",40.7643574,-73.92346189999999
Athens,GA,US,700,5000,2850.0,"Athens, GA, US",33.9519347,-83.357567
Atlanta,GA,US,60000,60000,6e4,"Atlanta, GA, US",33.7489954,-84.3879824
Augusta,GA,US,600,600,600.0,"Augusta, GA, US",33.4734978,-82.0105148
Augusta,ME,US,10000,10000,1e4,"Augusta, ME, US",44.3106241,-69.7794897
Austin,TX,US,30000,50000,4e4,"Austin, TX, US",30.267153,-97.7430608
Avalon,CA,US,44,44,44.0,"Avalon, CA, US",33.3428193,-118.3282279
Bainbridge Island,WA,US,NA,NA,NA,"Bainbridge Island, WA, US",47.62487910000001,-122.5210008
Baltimore,MD,US,5000,5000,5e3,"Baltimore, MD, US",39.2903848,-76.6121893
Bandon,OR,US,70,70,70.0,"Bandon, OR, US",43.1189978,-124.408448
Barrow,AK,US,NA,NA,NA,"Barrow, AK, US",71.29055559999999,-156.7886111
Bayfield,WI,US,427,427,427.0,"Bayfield, WI, US",46.8107671,-90.81824
Beaumont,TX,US,300,300,300.0,"Beaumont, TX, US",30.080174,-94.1265562
Beaver,PA,US,NA,NA,NA,"Beaver, PA, US",40.6953437,-80.30478459999999
Bellingham,WA,US,5000,6000,5500.0,"Bellingham, WA, US",48.7519112,-122.4786854
Bemidji,MN,US,250,500,375.0,"Bemidji, MN, US",47.4875361,-94.8858492
Bend,OR,US,5000,5000,5e3,"Bend, OR, US",44.0581728,-121.3153096
Bentonville,AR,US,NA,NA,NA,"Bentonville, AR, US",36.3728538,-94.2088172
Berkeley,CA,US,NA,NA,NA,"Berkeley, CA, US",37.8715926,-122.272747
Bethel,AK,US,NA,NA,NA,"Bethel, AK, US",60.7922222,-161.7558333
Bethlehem,PA,US,500,500,500.0,"Bethlehem, PA, US",40.6259316,-75.37045789999999
Bettendorf,IA,US,800,800,800.0,"Bettendorf, IA, US",41.56084999999999,-90.48344
Beverly Hills,CA,US,NA,NA,NA,"Beverly Hills, CA, US",34.0736204,-118.4003563
Binghamton,NY,US,2000,3000,2500.0,"Binghamton, NY, US",42.09868669999999,-75.91797380000001
Birmingham,AL,US,5000,10000,7500.0,"Birmingham, AL, US",33.5206608,-86.80248999999999
Bishop,CA,US,600,600,600.0,"Bishop, CA, US",37.3614238,-118.3996636
Bismarck,ND,US,500,500,500.0,"Bismarck, ND, US",46.8083268,-100.7837392
Black Mountain,NC,US,400,400,400.0,"Black Mountain, NC, US",35.6178951,-82.3212302
Bluff,UT,US,NA,NA,NA,"Bluff, UT, US",37.2844448,-109.5517877
Bloomsburg,PA,US,NA,NA,NA,"Bloomsburg, PA, US",41.003698,-76.4549457
Boise,ID,US,5000,5000,5e3,"Boise, ID, US",43.6187102,-116.2146068
Borrego Springs,CA,US,NA,NA,NA,"Borrego Springs, CA, US",33.2558717,-116.375012
Boston,MA,US,175000,175000,175e3,"Boston, MA, US",42.3600825,-71.0588801
Bozeman,MT,US,NA,NA,NA,"Bozeman, MT, US",45.6769979,-111.0429339
Breen,CO,US,1,1,1.0,"Breen, CO, US",37.1925004,-108.0778507
Brighton,MI,US,300,300,300.0,"Brighton, MI, US",42.5294773,-83.7802214
Brattleboro,VT,US,250,250,250.0,"Brattleboro, VT, US",42.8509152,-72.5578678
Brookings,OR,US,NA,NA,NA,"Brookings, OR, US",44.3113573,-96.79838769999999
Brownsville,TX,US,300,300,300.0,"Brownsville, TX, US",25.9017472,-97.4974838
Brunswick,ME,US,300,300,300.0,"Brunswick, ME, US",43.9140162,-69.9669961
Buffalo,NY,US,2500,3000,2750.0,"Buffalo, NY, US",42.88644679999999,-78.8783689
Burbank,CA,US,300,300,300.0,"Burbank, CA, US",34.1808392,-118.3089661
Burns,OR,US,20,20,20.0,"Burns, OR, US",43.5862606,-119.0541032
Burnsville,NC,US,NA,NA,NA,"Burnsville, NC, US",35.9173357,-82.300961
Canton,NY,US,135,135,135.0,"Canton, NY, US",44.5956163,-75.1690942
Carbondale,CO,US,200,650,425.0,"Carbondale, CO, US",39.4022054,-107.2111628
Carbondale,IL,US,1000,1000,1e3,"Carbondale, IL, US",37.7272727,-89.2167501
Carmel,CA,US,NA,NA,NA,"Carmel, CA, US",36.5552386,-121.9232879
Casper,WY,US,700,1000,850.0,"Casper, WY, US",42.866632,-106.313081
Cedaredge,CO,US,NA,NA,NA,"Cedaredge, CO, US",38.9016487,-107.926454
Champaign,IL,US,5000,5000,5e3,"Champaign, IL, US",40.1164204,-88.2433829
Charleston,SC,US,2000,2000,2e3,"Charleston, SC, US",32.7764749,-79.93105120000001
Charleston,WV,US,3000,3000,3e3,"Charleston, WV, US",38.3498195,-81.6326234
Charlotte,NC,US,10000,10000,1e4,"Charlotte, NC, US",35.2270869,-80.8431267
Charlottesville,VA,US,2500,2500,2500.0,"Charlottesville, VA, US",38.0293059,-78.47667810000002
Chattanooga,TN,US,1000,3000,2e3,"Chattanooga, TN, US",35.0456297,-85.3096801
Chelan,WA,US,NA,NA,NA,"Chelan, WA, US",47.9445331,-120.6749068
Chesapeake Bay,MD,US,1,1,1.0,"Chesapeake Bay, MD, US",37.5213728,-76.1050092
Cheyenne,WY,US,1500,2000,1750.0,"Cheyenne, WY, US",41.1399814,-104.8202462
Chicago,IL,US,250000,250000,25e4,"Chicago, IL, US",41.8781136,-87.6297982
Chico,CA,US,3000,3000,3e3,"Chico, CA, US",39.7284944,-121.8374777
Chillicothe,OH,US,1000,1000,1e3,"Chillicothe, OH, US",39.3331197,-82.9824019
Cincinnati,OH,US,5000,10000,7500.0,"Cincinnati, OH, US",39.1031182,-84.5120196
Clare,MI,US,24,24,24.0,"Clare, MI, US",43.8194703,-84.7686281
Clemson,SC,US,500,500,500.0,"Clemson, SC, US",34.6834382,-82.8373654
Cleveland,OH,US,15000,15000,15e3,"Cleveland, OH, US",41.49932,-81.6943605
Cobb,CA,US,2,2,2.0,"Cobb, CA, US",38.8334625,-122.720961
Cobbleskill,NY,US,300,300,300.0,"Cobbleskill, NY, US",42.677853,-74.4854172
Cody,WY,US,500,500,500.0,"Cody, WY, US",44.52634219999999,-109.0565308
College Station,TX,US,NA,NA,NA,"College Station, TX, US",30.627977,-96.3344068
Colorado Springs,CO,US,7000,7000,7e3,"Colorado Springs, CO, US",38.8338816,-104.8213634
Clumbia,MO,US,3000,3604,3302.0,"Clumbia, MO, US",38.9517053,-92.3340724
Columbia,SC,US,2000,2000,2e3,"Columbia, SC, US",34.0007104,-81.0348144
Columbus,OH,US,NA,NA,NA,"Columbus, OH, US",39.9611755,-82.99879419999999
Compton,CA,US,NA,NA,NA,"Compton, CA, US",33.8958492,-118.2200712
Concord,NH,US,6000,6000,6e3,"Concord, NH, US",43.2081366,-71.5375718
Conover,WI,US,1,1,1.0,"Conover, WI, US",46.0546741,-89.25791389999999
Cooperstown,NY,US,200,200,200.0,"Cooperstown, NY, US",42.7006303,-74.92432099999999
Coos Bay,OR,US,200,200,200.0,"Coos Bay, OR, US",43.3665007,-124.2178903
Copper Harbor,MI,US,19,19,19.0,"Copper Harbor, MI, US",47.4683113,-87.8903203
Cordova,AK,US,NA,NA,NA,"Cordova, AK, US",60.5424087,-145.7525414
Corpus Christi,TX,US,24,24,24.0,"Corpus Christi, TX, US",27.8005828,-97.39638099999999
Cortez,CO,US,400,504,452.0,"Cortez, CO, US",37.3488827,-108.5859265
Corvallis,OR,US,100,100,100.0,"Corvallis, OR, US",44.5645659,-123.2620435
Crestone,CO,US,1,1,1.0,"Crestone, CO, US",37.9963881,-105.6997332
Dallas,TX,US,5000,8000,6500.0,"Dallas, TX, US",32.7766642,-96.79698789999999
Dayton,OH,US,3000,3000,3e3,"Dayton, OH, US",39.7589478,-84.1916069
Daytona Beach,FL,US,100,100,100.0,"Daytona Beach, FL, US",29.2108147,-81.0228331
Decorah,IA,US,NA,NA,NA,"Decorah, IA, US",43.30330559999999,-91.7857092
Delhi,NY,US,NA,NA,NA,"Delhi, NY, US",42.27814009999999,-74.91599459999999
Deming,NM,US,NA,NA,NA,"Deming, NM, US",32.2686981,-107.7586404
Denton,TX,US,2500,2800,2650.0,"Denton, TX, US",33.2148412,-97.13306829999999
Denver,CO,US,200000,200000,2e5,"Denver, CO, US",39.7392358,-104.990251
Des Moines,IA,US,26000,26000,26e3,"Des Moines, IA, US",41.6005448,-93.6091064
Detroit,MI,US,4000,4000,4e3,"Detroit, MI, US",42.331427,-83.0457538
Disability (online),,,NA,NA,NA,"Disability (online), , ",33.9727825,-117.6932291
Douglas-Saugatuck,MI,US,1200,2500,1850.0,"Douglas-Saugatuck, MI, US",42.6420639,-86.2076352
Doylestown,PA,US,1000,1000,1e3,"Doylestown, PA, US",40.3101063,-75.1298939
Driggs,ID,US,1000,1000,1e3,"Driggs, ID, US",43.7232522,-111.1113326
Dubuque,IA,US,400,400,400.0,"Dubuque, IA, US",42.5005583,-90.66457179999999
Duluth,MN,US,1500,1500,1500.0,"Duluth, MN, US",46.78667189999999,-92.1004852
Durango,CO,US,1000,1000,1e3,"Durango, CO, US",37.27528,-107.8800667
Eagle Pass,TX,US,NA,NA,NA,"Eagle Pass, TX, US",28.7091433,-100.4995214
East Haddam,CT,US,500,500,500.0,"East Haddam, CT, US",41.5034351,-72.4757767
Eastport,ME,US,70,70,70.0,"Eastport, ME, US",44.9061906,-66.98997849999999
Eastsound,WA,US,NA,NA,NA,"Eastsound, WA, US",48.696654,-122.9061069
Eau Claire,WI,US,250,250,250.0,"Eau Claire, WI, US",44.7683909,-91.28910359999999
El Paso,TX,US,1000,1000,1e3,"El Paso, TX, US",31.7618778,-106.4850217
Elgin,IL,US,200,1000,600.0,"Elgin, IL, US",42.0354084,-88.2825668
Elkton,OR,US,NA,NA,NA,"Elkton, OR, US",39.60677889999999,-75.83327179999999
Ellsworth,ME,US,60,60,60.0,"Ellsworth, ME, US",44.5434095,-68.4194641
Ely,MN,US,50,50,50.0,"Ely, MN, US",47.9032372,-91.8670873
Ephrata,WA,US,250,250,250.0,"Ephrata, WA, US",47.3176385,-119.5536491
Erie,PA,US,2500,2500,2500.0,"Erie, PA, US",42.12922409999999,-80.085059
Eugene,OR,US,7000,10000,8500.0,"Eugene, OR, US",44.0520691,-123.0867536
Eureka,CA,US,2000,80000,41e3,"Eureka, CA, US",40.8020712,-124.1636729
Fairbanks,AK,US,1000,1000,1e3,"Fairbanks, AK, US",64.8377778,-147.7163889
Fairfield,IA,US,200,200,200.0,"Fairfield, IA, US",41.00761139999999,-91.9636914
Fairmont,WY,US,95,95,95.0,"Fairmont, WY, US",33.7676528,-117.8282531
Falmouth,MA,US,1000,1000,1e3,"Falmouth, MA, US",41.5532208,-70.60858859999999
Fargo,ND,US,1000,3000,2e3,"Fargo, ND, US",46.8771863,-96.7898034
Fayetteville,AR,US,1000,1000,1e3,"Fayetteville, AR, US",36.0625795,-94.1574263
Fernandina Beach,FL,US,1000,1300,1150.0,"Fernandina Beach, FL, US",30.6696818,-81.46259189999999
Flagstaff,AZ,US,1200,1200,1200.0,"Flagstaff, AZ, US",35.1982836,-111.651302
Florence,OR,US,NA,NA,NA,"Florence, OR, US",34.1954331,-79.7625625
Floyd,VA,US,200,200,200.0,"Floyd, VA, US",36.9112443,-80.3200502
Forks,WA,US,45,45,45.0,"Forks, WA, US",47.950355,-124.3854867
Fort Wayne,IN,US,1000,1000,1e3,"Fort Wayne, IN, US",41.079273,-85.1393513
Fort Bragg,CA,US,NA,NA,NA,"Fort Bragg, CA, US",39.445723,-123.8052935
Fort Sumner,NM,US,NA,NA,NA,"Fort Sumner, NM, US",34.4717332,-104.2455304
Fort Worth,TX,US,5000,6000,5500.0,"Fort Worth, TX, US",32.7554883,-97.3307658
Francestown,NH,US,134,134,134.0,"Francestown, NH, US",42.98758249999999,-71.8125769
Frederick,MD,US,1000,1000,1e3,"Frederick, MD, US",39.41426879999999,-77.4105409
Fredonia,NY,US,NA,NA,NA,"Fredonia, NY, US",42.4400576,-79.3317105
Fresno,CA,US,2000,2000,2e3,"Fresno, CA, US",36.7468422,-119.7725868
Friday Harbor,WA,US,1500,1500,1500.0,"Friday Harbor, WA, US",48.5342662,-123.0171242
Gainesville,FL,US,1000,1000,1e3,"Gainesville, FL, US",29.6516344,-82.32482619999999
Galesburg,IL,US,100,100,100.0,"Galesburg, IL, US",40.94781580000001,-90.3712395
Gila,NM,US,1,1,1.0,"Gila, NM, US",32.9646574,-108.5775687
Glen Falls,NY,US,1000,1000,1e3,"Glen Falls, NY, US",43.3095164,-73.6440058
Glenwood Springs,CO,US,100,100,100.0,"Glenwood Springs, CO, US",39.5505376,-107.3247762
Gold Canyon,AZ,US,NA,NA,NA,"Gold Canyon, AZ, US",33.3593407,-111.4500302
Gouldsboro,ME,US,25,25,25.0,"Gouldsboro, ME, US",44.47852,-68.039543
Grand Forks,ND,US,304,304,304.0,"Grand Forks, ND, US",47.9252568,-97.0328547
Grand Junction,CO,US,4500,5000,4750.0,"Grand Junction, CO, US",39.0638705,-108.5506486
Grand Rapids,MI,US,300,300,300.0,"Grand Rapids, MI, US",42.9633599,-85.6680863
Green Bay,WI,US,200,200,200.0,"Green Bay, WI, US",44.51915899999999,-88.019826
Green Valley,AZ,US,400,400,400.0,"Green Valley, AZ, US",31.8542511,-110.9937019
Greenfield,MA,US,1000,2000,1500.0,"Greenfield, MA, US",42.587915,-72.5994104
Greensboro,NC,US,3000,6000,4500.0,"Greensboro, NC, US",36.0726354,-79.7919754
Greenville,SC,US,2000,2000,2e3,"Greenville, SC, US",34.85261759999999,-82.3940104
Greenwood,IN,US,NA,NA,NA,"Greenwood, IN, US",39.6136578,-86.10665259999999
Gross Pointe,MI,US,NA,NA,NA,"Gross Pointe, MI, US",42.3861485,-82.9118591
Gualala,CA,US,NA,NA,NA,"Gualala, CA, US",38.7722996,-123.5340084
Gulfport,MS,US,300,300,300.0,"Gulfport, MS, US",30.3674198,-89.0928155
Gustavus,AK,US,105,105,105.0,"Gustavus, AK, US",58.4133333,-135.7369444
Haines,AK,US,150,170,160.0,"Haines, AK, US",59.2358333,-135.445
Halfway,OR,US,NA,NA,NA,"Halfway, OR, US",44.880715,-117.1146173
Harrisburg,PA,US,1100,1100,1100.0,"Harrisburg, PA, US",40.2731911,-76.8867008
Hartford,CT,US,10000,10000,1e4,"Hartford, CT, US",41.76371109999999,-72.6850932
Hattiesburg,MS,US,NA,NA,NA,"Hattiesburg, MS, US",31.3271189,-89.29033919999999
Helena,AR,US,2,2,2.0,"Helena, AR, US",34.5291,-90.58999999999999
Helena,MT,US,10000,10000,1e4,"Helena, MT, US",46.5883707,-112.0245054
Hemet,CA,US,NA,NA,NA,"Hemet, CA, US",33.7475203,-116.9719684
Hilo,HI,US,1500,2200,1850.0,"Hilo, HI, US",19.7070942,-155.0884869
Hillsborough,NC,US,200,200,200.0,"Hillsborough, NC, US",36.0754183,-79.0997347
Homer,AK,US,900,900,900.0,"Homer, AK, US",59.64250000000001,-151.5483333
Honolulu,HI,US,8000,8000,8e3,"Honolulu, HI, US",21.3069444,-157.8583333
Houghton,MI,US,500,500,500.0,"Houghton, MI, US",47.12113309999999,-88.5694182
Houston,TX,US,20000,22000,21e3,"Houston, TX, US",29.7604267,-95.3698028
Hudson,NY,US,1500,3000,2250.0,"Hudson, NY, US",42.2528649,-73.790959
Idaho Falls,ID,US,500,500,500.0,"Idaho Falls, ID, US",43.49165139999999,-112.0339645
Indiana,PA,US,100,200,150.0,"Indiana, PA, US",40.6214551,-79.15253489999999
Indianapolis,IN,US,4000,10000,7e3,"Indianapolis, IN, US",39.768403,-86.158068
Inverness,CA,US,5,5,5.0,"Inverness, CA, US",38.1010337,-122.8569377
Iowa City,IA,US,1000,1000,1e3,"Iowa City, IA, US",41.6611277,-91.5301683
Ithaca,NY,US,10000,10000,1e4,"Ithaca, NY, US",42.4439614,-76.5018807
Jackson,NH,US,NA,NA,NA,"Jackson, NH, US",44.1462613,-71.1850996
Jackson,MS,US,750,5000,2875.0,"Jackson, MS, US",32.2987573,-90.1848103
Jackson Hole,WY,US,1000,1000,1e3,"Jackson Hole, WY, US",43.4799291,-110.7624282
Jacksonville,FL,US,2000,3000,2500.0,"Jacksonville, FL, US",30.3321838,-81.65565099999999
Jerome,AZ,US,NA,NA,NA,"Jerome, AZ, US",34.7489107,-112.1137716
Jonesborough,TN,US,1000,1000,1e3,"Jonesborough, TN, US",36.2942722,-82.4734787
Joseph,OR,US,310,310,310.0,"Joseph, OR, US",45.3543187,-117.2296126
June Lake,CA,US,NA,NA,NA,"June Lake, CA, US",37.7797825,-119.0754232
Juneau,AK,US,1000,1000,1e3,"Juneau, AK, US",58.301944399999996,-134.4197222
Kahului,HI,US,NA,NA,NA,"Kahului, HI, US",20.8893351,-156.4729469
Kalamazoo,MI,US,1000,1000,1e3,"Kalamazoo, MI, US",42.2917069,-85.5872286
Kanab,UT,US,175,175,175.0,"Kanab, UT, US",37.0474855,-112.5263145
Kansas City,MO,US,10000,10000,1e4,"Kansas City, MO, US",39.0997265,-94.5785667
Kauai,HI,US,2000,2000,2e3,"Kauai, HI, US",22.0964396,-159.5261238
Kawaihae,HI,US,50,50,50.0,"Kawaihae, HI, US",20.0352881,-155.8281882
Keene,NH,US,300,300,300.0,"Keene, NH, US",42.933692,-72.2781409
Kennbunk,ME,US,700,700,700.0,"Kennbunk, ME, US",43.3617327,-70.4767274
Kent,CT,US,180,180,180.0,"Kent, CT, US",41.7247554,-73.47696429999999
Kent,OH,US,100,100,100.0,"Kent, OH, US",41.1536674,-81.3578859
Ketchikan,AK,US,150,150,150.0,"Ketchikan, AK, US",55.34222219999999,-131.6461111
Ketchum,ID,US,1150,1150,1150.0,"Ketchum, ID, US",43.6807402,-114.3636619
Key West,FL,US,3200,3200,3200.0,"Key West, FL, US",24.5550593,-81.7799871
Killington,VT,US,NA,NA,NA,"Killington, VT, US",43.6775677,-72.77982469999999
King's Beach,CA,US,NA,NA,NA,"King's Beach, CA, US",39.2376846,-120.0265798
Kingston,WA,US,60,60,60.0,"Kingston, WA, US",47.7987072,-122.4981921
Klamath Falls,OR,US,300,300,300.0,"Klamath Falls, OR, US",42.224867,-121.7816704
Knoxville,TN,US,2000,2000,2e3,"Knoxville, TN, US",35.9606384,-83.9207392
Kodiak,AK,US,NA,NA,NA,"Kodiak, AK, US",57.79000000000001,-152.4072222
Kona,HI,US,3500,3500,3500.0,"Kona, HI, US",19.639994,-155.9969261
Kotzebeu,AK,US,NA,NA,NA,"Kotzebeu, AK, US",66.89833329999999,-162.5966666
La Crosse,WI,US,NA,100,50.0,"La Crosse, WI, US",43.8013556,-91.23958069999999
La Grande,OR,US,NA,NA,NA,"La Grande, OR, US",45.3245771,-118.0877188
Lafayette,IN,US,800,1000,900.0,"Lafayette, IN, US",40.4167022,-86.87528689999999
Laguna Beach,CA,US,3500,3500,3500.0,"Laguna Beach, CA, US",33.5422475,-117.7831104
Lakeside,OH,US,300,300,300.0,"Lakeside, OH, US",41.538557,-82.7672968
Lancaster,NH,US,400,400,400.0,"Lancaster, NH, US",44.4889204,-71.5692477
Lancaster,PA,US,100,100,100.0,"Lancaster, PA, US",40.0466571,-76.17837390000001
Lander,WY,US,350,350,350.0,"Lander, WY, US",42.833014,-108.7306725
Langley,WA,US,1300,1300,1300.0,"Langley, WA, US",48.0400945,-122.406257
Lansing,MI,US,10000,10000,1e4,"Lansing, MI, US",42.732535,-84.5555347
Laramie,WY,US,NA,NA,NA,"Laramie, WY, US",41.3113669,-105.5911007
Las Cruces,NM,US,100,100,100.0,"Las Cruces, NM, US",32.3199396,-106.7636538
Las Vegas,NV,US,5000,15000,1e4,"Las Vegas, NV, US",36.1699412,-115.1398296
Las Vegas,NM,US,50,50,50.0,"Las Vegas, NM, US",35.5942137,-105.2227978
Leonia,NJ,US,100,100,100.0,"Leonia, NJ, US",40.8614887,-73.9881942
Lexington,KY,US,5000,5000,5e3,"Lexington, KY, US",38.0405837,-84.5037164
Lewis,NY,US,NA,NA,NA,"Lewis, NY, US",44.27502700000001,-73.5655742
Lewisburg,PA,US,150,200,175.0,"Lewisburg, PA, US",40.9645293,-76.8844101
Lihue,HI,US,NA,NA,NA,"Lihue, HI, US",21.9811111,-159.3711111
Lilly,PA,US,4,4,4.0,"Lilly, PA, US",40.4259058,-78.62001780000001
Lincoln,NE,US,8000,8000,8e3,"Lincoln, NE, US",40.8257625,-96.6851982
Little Rock,AR,US,7000,7000,7e3,"Little Rock, AR, US",34.7464809,-92.28959479999999
Logan,UT,US,NA,NA,NA,"Logan, UT, US",41.7369803,-111.8338359
Los Angeles,CA,US,50000,750000,4e5,"Los Angeles, CA, US",34.0522342,-118.2436849
Lompoc,CA,US,NA,NA,NA,"Lompoc, CA, US",34.6391501,-120.4579409
Longview,WA,US,200,200,200.0,"Longview, WA, US",46.1381676,-122.9381672
Longville,MN,US,67,67,67.0,"Longville, MN, US",46.9863443,-94.2113636
Lousville,KY,US,5000,5000,5e3,"Lousville, KY, US",38.2526647,-85.7584557
Loup City,NE,US,150,150,150.0,"Loup City, NE, US",41.275565,-98.9667532
Lubbock,TX,US,350,350,350.0,"Lubbock, TX, US",33.5778631,-101.8551665
Lubec,ME,US,95,95,95.0,"Lubec, ME, US",44.85858630000001,-66.9835907
Mt. Shasta,CA,US,400,400,400.0,"Mt. Shasta, CA, US",41.3098746,-122.3105666
Madison,WI,US,75000,10000,42500.0,"Madison, WI, US",43.0730517,-89.4012302
Mankato,MN,US,50,50,50.0,"Mankato, MN, US",44.1635775,-93.99939959999999
Marfa,TX,US,76,76,76.0,"Marfa, TX, US",30.3094622,-104.020623
Martha's Vineyard,MA,US,100,100,100.0,"Martha's Vineyard, MA, US",41.3804981,-70.645473
Marquette,MI,US,200,800,500.0,"Marquette, MI, US",46.5475825,-87.39559539999999
Marquette,WI,US,200,300,250.0,"Marquette, WI, US",43.865322,-89.3226954
Maryville,IL,US,NA,NA,NA,"Maryville, IL, US",38.7244997,-89.9572444
Maui,HI,US,1500,2000,1750.0,"Maui, HI, US",20.7983626,-156.3319253
Mayaguez,PR,US,NA,NA,NA,"Mayaguez, PR, US",18.2110294,-67.1391071
McMinnville,OR,US,700,100,400.0,"McMinnville, OR, US",45.21011619999999,-123.1987163
Melbourn,FL,US,500,500,500.0,"Melbourn, FL, US",28.0836269,-80.60810889999999
Memphis,TN,US,9000,9000,9e3,"Memphis, TN, US",35.1495343,-90.0489801
Menomonie,WI,US,NA,NA,NA,"Menomonie, WI, US",44.8755183,-91.9193422
Mentone,AL,US,50,50,50.0,"Mentone, AL, US",34.5795282,-85.5905204
Merrill,MI,US,NA,NA,NA,"Merrill, MI, US",43.4097497,-84.3288783
Miami,FL,US,10000,10000,1e4,"Miami, FL, US",25.7616798,-80.1917902
Miami Beach,FL,US,NA,NA,NA,"Miami Beach, FL, US",25.790654,-80.1300455
Midland,MI,US,400,400,400.0,"Midland, MI, US",43.6155825,-84.2472116
Midland,TX,US,50,50,50.0,"Midland, TX, US",31.9973456,-102.0779146
Miles City,MT,US,NA,NA,NA,"Miles City, MT, US",46.4083362,-105.8405582
Millheim,PA,US,50,50,50.0,"Milhelm, PA, US",NA,NA
Milwaukee,WI,US,1000,1000,1e3,"Milwaukee, WI, US",43.0389025,-87.9064736
Minneapolis,MN,US,NA,NA,NA,"Minneapolis, MN, US",44.977753,-93.2650108
Minocqua,WI,US,300,300,300.0,"Minocqua, WI, US",45.8710837,-89.7092705
Missoula,MT,US,NA,NA,NA,"Missoula, MT, US",46.87871759999999,-113.996586
Moab,UT,US,200,200,200.0,"Moab, UT, US",38.5733155,-109.5498395
Mobile,AL,US,900,1000,950.0,"Mobile, AL, US",30.6953657,-88.0398912
Modesto,CA,US,900,900,900.0,"Modesto, CA, US",37.63909719999999,-120.9968782
Mooresville,NC,US,NA,NA,NA,"Mooresville, NC, US",35.5848596,-80.8100724
Montpelier,VT,US,15000,20000,17500.0,"Montpelier, VT, US",44.26005929999999,-72.5753869
Monterey Bay,CA,US,1500,1500,1500.0,"Monterey Bay, CA, US",36.8007413,-121.947311
Morganton,NC,US,500,500,500.0,"Morganton, NC, US",35.7454071,-81.6848188
Morris,MN,US,250,250,250.0,"Morris, MN, US",45.5919444,-95.9188889
Moscow,ID,US,2500,2500,2500.0,"Moscow, ID, US",46.73238749999999,-117.0001651
Mount Vernon,OH,US,20,30,25.0,"Mount Vernon, OH, US",40.3933956,-82.4857181
Mount Vernon,WA,US,NA,NA,NA,"Mount Vernon, WA, US",48.421216,-122.3340474
Murfreesboro,TN,US,NA,NA,NA,"Murfreesboro, TN, US",35.8456213,-86.39027
Murray,KY,US,700,700,700.0,"Murray, KY, US",36.6103334,-88.31476099999999
Nacogdoches,TX,US,200,300,250.0,"Nacogdoches, TX, US",31.6035129,-94.6554874
Nantucket,MA,US,NA,NA,NA,"Nantucket, MA, US",41.2834704,-70.099451
Napa,CA,US,3000,3000,3e3,"Napa, CA, US",38.2975381,-122.286865
Naples,FL,US,2500,5000,3750.0,"Naples, FL, US",26.1420358,-81.7948103
Nashville,TN,US,15000,20000,17500.0,"Nashville, TN, US",36.1626638,-86.7816016
Nevada City,CA,US,100,100,100.0,"Nevada City, CA, US",39.2615606,-121.0160594
New Bern,NC,US,300,600,450.0,"New Bern, NC, US",35.108493,-77.04411429999999
New Haven,CT,US,NA,NA,NA,"New Haven, CT, US",41.308274,-72.9278835
New Orleans,LA,US,10000,10000,1e4,"New Orleans, LA, US",29.95106579999999,-90.0715323
New Smyrna Beach,FL,US,1000,1000,1e3,"New Smyrna Beach, FL, US",29.0258191,-80.9269984
New York,NY,US,400000,500000,45e4,"New York, NY, US",40.7127837,-74.0059413
Newark,DE,US,1200,1200,1200.0,"Newark, DE, US",39.6837226,-75.74965720000002
Newark,NJ,US,1000,1000,1e3,"Newark, NJ, US",40.735657,-74.1723667
Newport,OR,US,1500,1500,1500.0,"Newport, OR, US",41.4901024,-71.3128285
Nome,AK,US,NA,NA,NA,"Nome, AK, US",64.5011111,-165.4063889
Norfolk,VA,US,2000,2000,2e3,"Norfolk, VA, US",36.8507689,-76.28587259999999
Northampton,MA,US,1000,1000,1e3,"Northampton, MA, US",42.3250896,-72.64120129999999
Oahu,HI,US,3000,5000,4e3,"Oahu, HI, US",21.4389123,-158.0000565
Oakhurst,CA,US,200,200,200.0,"Oakhurst, CA, US",37.3279997,-119.6493154
Oakland,CA,US,60000,100000,8e4,"Oakland, CA, US",37.8043637,-122.2711137
Oak Ridge,TN,US,NA,NA,NA,"Oak Ridge, TN, US",36.0103561,-84.26964490000002
Ocala,FL,US,NA,NA,NA,"Ocala, FL, US",29.1871986,-82.14009229999999
Ocean City,MD,US,100,100,100.0,"Ocean City, MD, US",38.3365032,-75.0849058
Ogden,UT,US,200,200,200.0,"Ogden, UT, US",41.223,-111.9738304
Oklahoma City,OK,US,12000,12000,12e3,"Oklahoma City, OK, US",35.4675602,-97.5164276
Old Saybrook,CT,US,NA,NA,NA,"Old Saybrook, CT, US",41.2960159,-72.38453009999999
Olympia,WA,US,10000,10000,1e4,"Olympia, WA, US",47.0378741,-122.9006951
Omaha,NE,US,12000,14000,13e3,"Omaha, NE, US",41.2523634,-95.99798829999999
Oneonta,NY,US,500,500,500.0,"Oneonta, NY, US",42.4528571,-75.0637746
Onley,VA,US,50,50,50.0,"Onley, VA, US",37.6909641,-75.71604049999999
Ontario,CA,US,200,200,200.0,"Ontario, CA, US",34.0633443,-117.6508876
Orange County,CA,US,NA,NA,NA,"Orange County, CA, US",33.7174708,-117.8311428
Orlando,FL,US,3000,3000,3e3,"Orlando, FL, US",28.5383355,-81.3792365
Oxford,MS,US,450,450,450.0,"Oxford, MS, US",34.3664951,-89.5192484
Pacifica,CA,US,1200,1200,1200.0,"Pacifica, CA, US",37.6138253,-122.4869194
Palm Desert,CA,US,1000,1000,1e3,"Palm Desert, CA, US",33.7222445,-116.3744556
Palm Springs,CA,US,600,600,600.0,"Palm Springs, CA, US",33.8302961,-116.5452921
Palmdale,CA,US,24,24,24.0,"Palmdale, CA, US",34.5794343,-118.1164613
Palmer,AK,US,NA,NA,NA,"Palmer, AK, US",61.5997222,-149.1127778
Park City,UT,US,8000,8000,8e3,"Park City, UT, US",40.6460622,-111.4979729
Panama City,FL,US,500,500,500.0,"Panama City, FL, US",30.1588129,-85.6602058
Paoli,IN,US,67,67,67.0,"Paoli, IN, US",38.55616630000001,-86.468321
Pasadena,CA,US,1700,1700,1700.0,"Pasadena, CA, US",34.1477849,-118.1445155
Peoria,IL,US,2000,2000,2e3,"Peoria, IL, US",40.6936488,-89.5889864
Pendelton,OR,US,425,425,425.0,"Pendelton, OR, US",45.672075,-118.7885967
Pensacola,FL,US,2000,2000,2e3,"Pensacola, FL, US",30.42130899999999,-87.2169149
Pence,WI,US,1,1,1.0,"Pence, WI, US",46.4152257,-90.27156579999999
Pequannock Township,NJ,US,800,1000,900.0,"Pequannock Township, NJ, US",40.960201,-74.2973239
Philadelphia,PA,US,50000,50000,5e4,"Philadelphia, PA, US",39.9525839,-75.1652215
Phoenix,AZ,US,20000,20000,2e4,"Phoenix, AZ, US",33.4483771,-112.0740373
Pierre,SD,US,NA,NA,NA,"Pierre, SD, US",44.3683156,-100.3509665
Pinedale,WY,US,100,100,100.0,"Pinedale, WY, US",42.8678809,-109.8633501
Pittsburgh,PA,US,25000,25000,25e3,"Pittsburgh, PA, US",40.44062479999999,-79.9958864
Pittsfield,MA,US,1500,1500,1500.0,"Pittsfield, MA, US",42.4500845,-73.2453824
Plymouth,WI,US,NA,NA,NA,"Plymouth, WI, US",43.7486054,-87.9770379
Pocatello,ID,US,1200,1200,1200.0,"Pocatello, ID, US",42.8713032,-112.4455344
Port Angeles,WA,US,100,100,100.0,"Port Angeles, WA, US",48.118146,-123.4307413
Port Jefferson,NY,US,2000,2000,2e3,"Port Jefferson, NY, US",40.9464875,-73.0692732
Port Jervis,NY,US,NA,NA,NA,"Port Jervis, NY, US",41.3750937,-74.692663
Port Orford,OR,US,300,300,300.0,"Port Orford, OR, US",42.7456644,-124.4973267
Port Townsend,WA,US,1000,1000,1e3,"Port Townsend, WA, US",48.11703869999999,-122.7604472
Portland,ME,US,10000,10000,1e4,"Portland, ME, US",43.66147100000001,-70.2553259
Portland,OR,US,70000,100000,85e3,"Portland, OR, US",45.5230622,-122.6764816
Portsmouth,NH,US,3000,5000,4e3,"Portsmouth, NH, US",43.0717552,-70.7625532
Poughkeepsie,NY,US,4000,5000,4500.0,"Poughkeepsie, NY, US",41.7003713,-73.9209701
Prescott,AZ,US,1200,1200,1200.0,"Prescott, AZ, US",34.5400242,-112.4685025
Providence,RI,US,7000,7000,7e3,"Providence, RI, US",41.8239891,-71.4128343
Provincetown,MA,US,NA,NA,NA,"Provincetown, MA, US",42.0584412,-70.1786425
Raleigh,NC,US,17000,20000,18500.0,"Raleigh, NC, US",35.7795897,-78.6381787
Rapid City,SD,US,1000,2000,1500.0,"Rapid City, SD, US",44.0805434,-103.2310149
Reading,PA,US,NA,NA,NA,"Reading, PA, US",40.3356483,-75.9268747
Redding,CA,US,300,300,300.0,"Redding, CA, US",40.5865396,-122.3916754
Redondo Beach,CA,US,1800,1800,1800.0,"Redondo Beach, CA, US",33.8491816,-118.3884078
Redwood City,CA,US,2500,2500,2500.0,"Redwood City, CA, US",37.48521520000001,-122.2363548
Reno,NV,US,10000,10000,1e4,"Reno, NV, US",39.5296329,-119.8138027
Richland,WA,US,1000,2500,1750.0,"Richland, WA, US",46.2856907,-119.2844621
Richmond,VA,US,2000,2000,2e3,"Richmond, VA, US",37.5407246,-77.4360481
Ridgecrest,CA,US,NA,NA,NA,"Ridgecrest, CA, US",35.6224561,-117.6708966
Ridgeway,CO,US,50,50,50.0,"Ridgeway, CO, US",38.1525873,-107.7556162
Riegelsville,PA,US,170,170,170.0,"Riegelsville, PA, US",40.5942673,-75.195453
Riverside,CA,US,4000,4000,4e3,"Riverside, CA, US",33.9533487,-117.3961564
Roanoke,VA,US,3000,3000,3e3,"Roanoke, VA, US",37.2709704,-79.9414266
Rochester,MN,US,600,1000,800.0,"Rochester, MN, US",44.0121221,-92.4801989
Rochester,NY,US,1000,2000,1500.0,"Rochester, NY, US",43.16103,-77.6109219
Rockford,IL,US,1000,1000,1e3,"Rockford, IL, US",42.2711311,-89.0939952
Roswell,NM,US,2,2,2.0,"Roswell, NM, US",33.3942655,-104.5230242
St. Augustine,FL,US,NA,NA,NA,"St. Augustine, FL, US",29.9012437,-81.31243409999999
St. George,UT,US,1475,1475,1475.0,"St. George, UT, US",37.0965278,-113.5684164
St. John,VA,US,NA,NA,NA,"St. John, VA, US",37.274018,-77.294062
St. Louis,MO,US,20000,20000,2e4,"St. Louis, MO, US",38.6270025,-90.19940419999999
St. Mary of the Woods,IN,US,NA,NA,NA,"St. Mary of the Woods, IN, US",39.505481,-87.463832
St. Paul/Minneapolis,MN,US,90000,100000,95e3,"St. Paul/Minneapolis, MN, US",44.977753,-93.2650108
St. Petersburg,FL,US,20000,20000,2e4,"St. Petersburg, FL, US",27.7518284,-82.6267345
Sacramento,CA,US,20000,20000,2e4,"Sacramento, CA, US",38.5815719,-121.4943996
Sag Harbor,NY,US,NA,NA,NA,"Sag Harbor, NY, US",40.99787730000001,-72.2925819
Salem,OR,US,1000,2000,1500.0,"Salem, OR, US",44.9428975,-123.0350963
Salem,WI,US,2,2,2.0,"Salem, WI, US",42.5542369,-88.1104802
Salida,CO,US,NA,NA,NA,"Salida, CO, US",38.5347193,-105.9989022
Salisbury,CT,US,200,200,200.0,"Salisbury, CT, US",41.983426,-73.4212318
Salt Lake City,UT,US,NA,NA,NA,"Salt Lake City, UT, US",40.7607793,-111.8910474
San Antonio,TX,US,1500,1500,1500.0,"San Antonio, TX, US",29.4241219,-98.49362819999999
San Bernardino,CA,US,NA,NA,NA,"San Bernardino, CA, US",34.1083449,-117.2897652
San Clemente,CA,US,100,200,150.0,"San Clemente, CA, US",33.4269728,-117.6119925
San Diego,CA,US,30000,40000,35e3,"San Diego, CA, US",32.715738,-117.1610838
San Francisco,CA,US,100000,15000,57500.0,"San Francisco, CA, US",37.7749295,-122.4194155
San Jose,CA,US,25000,25000,25e3,"San Jose, CA, US",37.3382082,-121.8863286
San Juan,PR,US,NA,NA,NA,"San Juan, PR, US",33.4856678,-117.5563561
San Juan Island,WA,US,1000,1000,1e3,"San Juan Island, WA, US",48.55136710000001,-123.0781062
San Leandro,CA,US,NA,NA,NA,"San Leandro, CA, US",37.7249296,-122.1560768
San Luis Obispo,CA,US,10000,10000,1e4,"San Luis Obispo, CA, US",35.2827524,-120.6596156
San Marcos,CA,US,1000,1000,1e3,"San Marcos, CA, US",33.1433723,-117.1661449
San Rafael,CA,US,500,500,500.0,"San Rafael, CA, US",37.9735346,-122.5310874
Sanford,ME,US,NA,NA,NA,"Sanford, ME, US",43.4391627,-70.7742804
Sandpoint,ID,US,800,1000,900.0,"Sandpoint, ID, US",48.276577,-116.553465
Sandy,OR,US,NA,NA,NA,"Sandy, OR, US",45.3973427,-122.2614761
Santa Ana,CA,US,2000,25000,13500.0,"Santa Ana, CA, US",33.7455731,-117.8678338
Santa Barbara,CA,US,2000,6000,4e3,"Santa Barbara, CA, US",34.4208305,-119.6981901
Santa Cruz,CA,US,1000,1500,1250.0,"Santa Cruz, CA, US",36.9741171,-122.0307963
Santa Fe,NM,US,10000,17000,13500.0,"Santa Fe, NM, US",35.6869752,-105.937799
Santa Rosa,CA,US,4300,5000,4650.0,"Santa Rosa, CA, US",38.440429,-122.7140548
Santurce,PR,US,NA,NA,NA,"Santurce, PR, US",18.4511086,-66.05553119999999
Sarasota,FL,US,7500,8000,7750.0,"Sarasota, FL, US",27.3364347,-82.53065269999999
Saugatuck,MI,US,1700,1700,1700.0,"Saugatuck, MI, US",42.6550248,-86.2019825
Sault Ste Marie,MI,US,40,40,40.0,"Sault Ste Marie, MI, US",46.4952996,-84.3453169
Savannah,GA,US,1000,1000,1e3,"Savannah, GA, US",32.0835407,-81.09983419999999
Saxaphaw,NC,US,80,80,80.0,"Saxaphaw, NC, US",36.0690258,-79.4005756
Seaside,CA,US,NA,NA,NA,"Seaside, CA, US",36.6149217,-121.822098
Seattle,WA,US,12000,175000,93500.0,"Seattle, WA, US",47.6062095,-122.3320708
Sedona,AZ,US,1000,1000,1e3,"Sedona, AZ, US",34.8697395,-111.7609896
Seldovia,AK,US,41,41,41.0,"Seldovia, AK, US",59.4380556,-151.7113889
Selinsgrove,PA,US,119,119,119.0,"Selinsgrove, PA, US",40.7989735,-76.8621935
Seneca Falls,NY,US,10000,10000,1e4,"Seneca Falls, NY, US",42.9106219,-76.7966215
Seward,AK,US,54,54,54.0,"Seward, AK, US",60.10416669999999,-149.4422222
Sharon,PA,US,700,700,700.0,"Sharon, PA, US",41.2331116,-80.4934035
Sheboygan,WI,US,NA,NA,NA,"Sheboygan, WI, US",43.7508284,-87.71453
Show Low,AZ,US,1,1,1.0,"Show Low, AZ, US",34.2542084,-110.0298327
Shreveport,LA,US,100,100,100.0,"Shreveport, LA, US",32.5251516,-93.7501789
Sicklerville,NJ,US,NA,NA,NA,"Sicklerville, NJ, US",39.7172152,-74.9697707
Silver City,NM,US,500,500,500.0,"Silver City, NM, US",32.770075,-108.280326
Silverton,CO,US,50,50,50.0,"Silverton, CO, US",37.811941,-107.6645057
Sioux Falls,SD,US,3300,3300,3300.0,"Sioux Falls, SD, US",43.5445959,-96.73110340000001
Sitka,AK,US,700,700,700.0,"Sitka, AK, US",57.0530556,-135.33
Skagway,AK,US,122,122,122.0,"Skagway, AK, US",59.45833329999999,-135.3138889
Skykomish,WA,US,8,8,8.0,"Skykomish, WA, US",47.7092746,-121.3601014
Soldotna,AK,US,NA,NA,NA,"Soldotna, AK, US",60.4877778,-151.0583332
Sonoma,CA,US,3000,3000,3e3,"Sonoma, CA, US",38.291859,-122.4580356
South Bend,IN,US,2000,2000,2e3,"South Bend, IN, US",41.6763545,-86.25198979999999
South Lake Tahoe,CA,US,700,700,700.0,"South Lake Tahoe, CA, US",38.939926,-119.9771868
South Orange,NJ,US,2000,2000,2e3,"South Orange, NJ, US",40.7489277,-74.2609903
Spokane,WA,US,8000,8000,8e3,"Spokane, WA, US",47.6587802,-117.4260466
Springfield,MO,US,2000,2000,2e3,"Springfield, MO, US",37.2089572,-93.29229889999999
Springfield,IL,US,1000,1000,1e3,"Springfield, IL, US",39.78172130000001,-89.6501481
Steamboat Springs,CO,US,1000,1000,1e3,"Steamboat Springs, CO, US",40.4849769,-106.8317158
Stamford,CT,US,5000,5000,5e3,"Stamford, CT, US",41.0534302,-73.5387341
Stanley,ID,US,30,30,30.0,"Stanley, ID, US",44.21553919999999,-114.9351998
State College,PA,US,300,300,300.0,"State College, PA, US",40.7933949,-77.8600012
Stateline,NV,US,NA,NA,NA,"Stateline, NV, US",38.9624079,-119.9399029
Statesboro,GA,US,200,200,200.0,"Statesboro, GA, US",32.4487876,-81.7831674
Staunton,VA,US,100,100,100.0,"Staunton, VA, US",38.149576,-79.0716958
Surry,ME,US,NA,NA,NA,"Surry, ME, US",44.4959099,-68.5016874
Syracuse,NY,US,2000,2000,2e3,"Syracuse, NY, US",43.0481221,-76.14742439999999
Tallahassee,FL,US,15000,18000,16500.0,"Tallahassee, FL, US",30.4382559,-84.28073289999999
Taos,NM,US,100,100,100.0,"Taos, NM, US",36.4072485,-105.5730665
Tecumseh,MI,US,35,35,35.0,"Tecumseh, MI, US",42.0039331,-83.9449417
Telluride,CO,US,1000,1000,1e3,"Telluride, CO, US",37.9374939,-107.8122852
Terre Haute,IN,US,200,200,200.0,"Terre Haute, IN, US",39.4667034,-87.41390919999999
Tillamook,OR,US,300,300,300.0,"Tillamook, OR, US",45.4562158,-123.8440137
Toledo,OH,US,NA,NA,NA,"Toledo, OH, US",41.6639383,-83.55521200000001
Topeka,KS,US,4000,4000,4e3,"Topeka, KS, US",39.0558235,-95.68901849999999
Traverse City,MI,US,3000,3000,3e3,"Traverse City, MI, US",44.7630567,-85.62063169999999
Trenton,NJ,US,7500,7500,7500.0,"Trenton, NJ, US",40.2170534,-74.7429384
Troy,OH,US,NA,NA,NA,"Troy, OH, US",40.0394982,-84.20327669999999
Truth,NM,US,NA,NA,NA,"Truth, NM, US",33.1284047,-107.2528069
Tucson,AZ,US,15000,15000,15e3,"Tucson, AZ, US",32.2217429,-110.926479
Tulsa,OK,US,1000,1000,1e3,"Tulsa, OK, US",36.1539816,-95.99277500000001
Twisp,WA,US,800,800,800.0,"Twisp, WA, US",48.3634784,-120.122303
Ukiah,CA,US,2000,2000,2e3,"Ukiah, CA, US",39.1501709,-123.2077831
Unalakleet,AK,US,38,38,38.0,"Unalakleet, AK, US",63.87305559999999,-160.7880556
Union,WA,US,NA,NA,NA,"Union, WA, US",47.35468940000001,-123.1016462
Utica,NY,US,NA,NA,NA,"Utica, NY, US",43.100903,-75.232664
Utqagvik,AK,US,22,22,22.0,"Utqagvik, AK, US",71.29055559999999,-156.7886111
Valdez,AK,US,NA,NA,NA,"Valdez, AK, US",61.13083330000001,-146.3483333
Valparaiso,IN,US,260,260,260.0,"Valparaiso, IN, US",41.4730948,-87.0611412
Vancouver,WA,US,200,200,200.0,"Vancouver, WA, US",45.6318397,-122.6716063
Ventura,CA,US,2500,3000,2750.0,"Ventura, CA, US",34.274646,-119.2290316
Vermillion,SD,US,500,500,500.0,"Vermillion, SD, US",42.7794417,-96.9292104
Vieques,PR,US,NA,NA,NA,"Vieques, PR, US",18.1262854,-65.44009849999999
Vinalhaven,ME,US,NA,NA,NA,"Vinalhaven, ME, US",44.04873449999999,-68.836749
Visalia,CA,US,500,500,500.0,"Visalia, CA, US",36.3302284,-119.2920585
Walla Walla,WA,US,2000,2000,2e3,"Walla Walla, WA, US",46.0645809,-118.3430209
Walnut Creek,CA,US,3000,5000,4e3,"Walnut Creek, CA, US",37.9100783,-122.0651819
Washington,DC,US,500000,680000,59e4,"Washington, DC, US",38.9071923,-77.0368707
Watertown,NY,US,250,250,250.0,"Watertown, NY, US",43.9747838,-75.91075649999999
Wausau,WI,US,200,200,200.0,"Wausau, WI, US",44.9591352,-89.6301221
Welches,OR,US,NA,NA,NA,"Welches, OR, US",45.3384806,-121.9632168
Wellfleet,MA,US,113,113,113.0,"Wellfleet, MA, US",41.93054679999999,-70.03097530000001
Wenatchee,WA,US,1700,1700,1700.0,"Wenatchee, WA, US",47.4234599,-120.3103494
West Chester,PA,US,150,200,175.0,"West Chester, PA, US",39.9606643,-75.6054882
West Jefferson,NC,US,250,300,275.0,"West Jefferson, NC, US",36.4037364,-81.4928829
West Lima,WI,US,1,1,1.0,"West Lima, WI, US",43.5463637,-90.5304075
West Palm Beach,FL,US,5000,7000,6e3,"West Palm Beach, FL, US",26.7153424,-80.0533746
Westfield,NJ,US,1000,1000,1e3,"Westfield, NJ, US",40.6589912,-74.3473717
Wichita,KS,US,3000,3000,3e3,"Wichita, KS, US",37.68717609999999,-97.33005299999999
Wichita Falls,TX,US,150,150,150.0,"Wichita Falls, TX, US",33.9137085,-98.4933873
Williamsburg,VA,US,700,1000,850.0,"Williamsburg, VA, US",37.2707022,-76.7074571
Willits,CA,US,50,50,50.0,"Willits, CA, US",39.4096079,-123.3555656
Wilmington,NC,US,3000,3000,3e3,"Wilmington, NC, US",34.2257255,-77.9447102
Wilton,NH,US,NA,NA,NA,"Wilton, NH, US",42.8433943,-71.7351077
Winchester,VA,US,NA,NA,NA,"Winchester, VA, US",39.1856597,-78.1633341
Winston-Salem,NC,US,1000,1000,1e3,"Winston-Salem, NC, US",36.09985959999999,-80.244216
Woodstock,NY,US,400,400,400.0,"Woodstock, NY, US",42.0409247,-74.1181971
Woodstock,VA,US,600,1000,800.0,"Woodstock, VA, US",38.8817784,-78.50584289999999
Wooster,OH,US,NA,NA,NA,"Wooster, OH, US",40.8050565,-81.935143
Worcester,MA,US,300,500,400.0,"Worcester, MA, US",42.2625932,-71.8022934
Wyckoff,NJ,US,1000,1000,1e3,"Wyckoff, NJ, US",41.0095316,-74.1729106
Yakima,WA,US,1200,1200,1200.0,"Yakima, WA, US",46.6020711,-120.5058987
Ypsilanti,MI,US,NA,NA,NA,"Ypsilanti, MI, US",42.2411499,-83.61299389999999
Yuma,AZ,US,35,35,35.0,"Yuma, AZ, US",32.6926512,-114.6276916
Zebulon,GA,US,NA,NA,NA,"Zebulon, GA, US",33.1023454,-84.3426997
Seoul,South Korea,US,1000,1000,1e3,"Seoul, South Korea, US",37.5731453,126.9778493
Calgary,Canada,US,4000,4000,4e3,"Calgary, Canada, US",51.0466321,-114.0584596
Isle of Eigg,,,21,30,25.5,"Isle of Eigg, , ",56.8936761,-6.1533074
London,,UK,100000,100000,1e5,"London, , UK",51.5073509,-0.1277583
Mexico City,,Mexico,100,500,300.0,"Mexico City, , Mexico",19.4326077,-99.133208
Ottawa,,Canada,6000,8000,7e3,"Ottawa, , Canada",45.4215296,-75.69719309999999
Tel Aviv,,Israel,200,500,350.0,"Tel Aviv, , Israel",32.0852999,34.78176759999999
Toronto,,Canada,60000,60000,6e4,"Toronto, , Canada",43.653226,-79.3831843
Sydney,,Australia,5000,10000,7500.0,"Sydney, , Australia",-33.8688197,151.2092955
Melbourne,,Australia,10000,10000,1e4,"Melbourne, , Australia",-37.8136276,144.9630576
,,Antarctica,30,30,30.0,", , Antarctica",-82.86275189999999,135.0
Copenhagen,,Denmark,5000,5000,5e3,"Copenhagen, , Denmark",55.6760968,12.5683371
Victoria,,Canada,2500,2500,2500.0,"Victoria, , Canada",48.4284207,-123.3656444
Bogota,,Colombia,350,350,350.0,"Bogota, , Colombia",4.710988599999999,-74.072092
New Delhi,,India,NA,NA,NA,"New Delhi, , India",28.6139391,77.2090212
Nairobi,,Kenya,200,200,200.0,"Nairobi, , Kenya",-1.2920659,36.8219462
Cape Town,,South Africa,500,700,600.0,"Cape Town, , South Africa",-33.9248685,18.4240553
Dublin,,Ireland,2000,5000,3500.0,"Dublin, , Ireland",53.3498053,-6.2603097
Bangkok,,Thailand,NA,NA,NA,"Bangkok, , Thailand",13.7563309,100.5017651
Antigua,,Guatemala,250,250,250.0,"Antigua, , Guatemala",14.5585707,-90.729523
Rome,,Italy,300,300,300.0,"Rome, , Italy",41.9027835,12.4963655
Stratford,,Canada,100,100,100.0,"Stratford, , Canada",43.3700007,-80.98222860000001
Montreal,,Canada,5000,5000,5e3,"Montreal, , Canada",45.5016889,-73.567256
Pristina,,Kosovo,NA,NA,NA,"Pristina, , Kosovo",42.6629138,21.1655028
Vancouver,,Canada,15000,15000,15e3,"Vancouver, , Canada",49.2827291,-123.1207375
Canberra,,Australia,1000,1000,1e3,"Canberra, , Australia",-35.2809368,149.1300092
Paris,,France,2000,7000,4500.0,"Paris, , France",48.856614,2.3522219
Vienna,,Austria,2000,2000,2e3,"Vienna, , Austria",48.2081743,16.3738189
Stockholm,,Sweden,1000,4000,2500.0,"Stockholm, , Sweden",59.32932349999999,18.0685808
Oslo,,Norway,2000,3000,2500.0,"Oslo, , Norway",59.9138688,10.7522454
Tokyo,,Japan,648,648,648.0,"Tokyo, , Japan",35.6894875,139.6917064
Dar Es Salaam,,Tanzania,100,100,100.0,"Dar Es Salaam, , Tanzania",-6.792354,39.2083284
Auckland,,New Zealand,2000,2000,2e3,"Auckland, , New Zealand",-36.8484597,174.7633315
Wellington,,New Zealand,600,600,600.0,"Wellington, , New Zealand",-41.2864603,174.776236
Christchurch,,New Zealand,300,300,300.0,"Christchurch, , New Zealand",-43.5320544,172.6362254
Dunedin,,New Zealand,300,300,300.0,"Dunedin, , New Zealand",-45.8787605,170.5027976
Edmonton,,Canada,3500,4000,3750.0,"Edmonton, , Canada",53.544389,-113.4909267
Amsterdam,,Netherlands,4000,4000,4e3,"Amsterdam, , Netherlands",52.3702157,4.895167900000001
Athens,,Greece,NA,NA,NA,"Athens, , Greece",37.9838096,23.7275388
Barcelona,,Spain,NA,NA,NA,"Barcelona, , Spain",41.3850639,2.1734035
Madrid,,Spain,500,500,500.0,"Madrid, , Spain",40.4167754,-3.7037902
Florence,,Italy,NA,NA,NA,"Florence, , Italy",43.7695604,11.2558136
Marseilles,,France,NA,NA,NA,"Marseilles, , France",43.296482,5.36978
Prague,,Czech Republic,700,700,700.0,"Prague, , Czech Republic",50.0755381,14.4378005
Tblisi,,Georgia,300,300,300.0,"Tblisi, , Georgia",41.7151377,44.827096
Helsinki,,Finland,250,250,250.0,"Helsinki, , Finland",60.16985569999999,24.938379
Accra,,Ghana,NA,NA,NA,"Accra, , Ghana",5.6037168,-0.1869644
Erbil,,Iraq,8,8,8.0,"Erbil, , Iraq",36.2062933,44.0088697
Lisbon,,Portugal,NA,NA,NA,"Lisbon, , Portugal",38.7222524,-9.1393366
Geneva,,Switzerland,2500,2500,2500.0,"Geneva, , Switzerland",46.2043907,6.1431577
San Jose,,Costa Rica,NA,NA,NA,"San Jose, , Costa Rica",9.9280694,-84.0907246
Buenos Aires,,Argentina,200,200,200.0,"Buenos Aires, , Argentina",-34.6036844,-58.3815591
Brasilia,,Brazil,NA,NA,NA,"Brasilia, , Brazil",-15.7942287,-47.8821658
Edinburgh,,Scotland,3000,8000,5500.0,"Edinburgh, , Scotland",55.953252,-3.188267
Jos,,Nigeria,NA,NA,NA,"Jos, , Nigeria",9.896527299999999,8.8583309
Frankfurt,,Germany,2000,2000,2e3,"Frankfurt, , Germany",50.1109221,8.6821267
Bristol,,UK,1000,1000,1e3,"Bristol, , UK",51.454513,-2.58791
Wolfville,,Canada,300,300,300.0,"Wolfville, , Canada",45.0917598,-64.3598354
Salt Spring Island,,Canada,600,600,600.0,"Salt Spring Island, , Canada",48.8166622,-123.5088755
Budapest,,Hungary,400,400,400.0,"Budapest, , Hungary",47.497912,19.040235
Berlin,,Germany,200,1000,600.0,"Berlin, , Germany",52.52000659999999,13.404954
Galway,,Ireland,NA,NA,NA,"Galway, , Ireland",53.270668,-9.0567905
Bergen,,Norway,NA,NA,NA,"Bergen, , Norway",60.39126279999999,5.3220544
Halfiax,,Canada,1000,1000,1e3,"Halfiax, , Canada",44.64876350000001,-63.5752387
Hamburg,,Germany,700,700,700.0,"Hamburg, , Germany",53.5510846,9.9936818
Nosara,,Costa Rica,100,100,100.0,"Nosara, , Costa Rica",9.9797332,-85.64862509999999
Hamilton,,Canada,200,200,200.0,"Hamilton, , Canada",43.2557206,-79.8711024
Winnipeg,,Canada,1000,3000,2e3,"Winnipeg, , Canada",49.895136,-97.13837439999999
Liverpool,,UK,1000,1000,1e3,"Liverpool, , UK",53.4083714,-2.9915726
Charlottetown,,Canada,200,200,200.0,"Charlottetown, , Canada",46.23824,-63.13107040000001
Reykjavik,,Iceland,NA,NA,NA,"Reykjavik, , Iceland",64.12652059999999,-21.8174393
London,,Canada,500,1400,950.0,"London, , Canada",42.9849233,-81.2452768
San Miguel de Allende,,Mexico,2000,2000,2e3,"San Miguel de Allende, , Mexico",20.9144491,-100.745235
Rio de Janeiro,,Brazil,40,40,40.0,"Rio de Janeiro, , Brazil",-22.9068467,-43.1728965
Pender Island,,Canada,40,40,40.0,"Pender Island, , Canada",48.7866869,-123.2893996
Manutoulin Island,,Canada,1,1,1.0,"Manutoulin Island, , Canada",45.7026471,-82.0371761
Whitehorse,,Canada,200,200,200.0,"Whitehorse, , Canada",60.7211871,-135.0568449
Munich,,Germany,600,800,700.0,"Munich, , Germany",48.1351253,11.5819806
Hagatna,,Guam,150,150,150.0,"Hagatna, , Guam",13.4762824,144.7502228
The Hague,,The Netherlands,2000,2000,2e3,"The Hague, , The Netherlands",52.0704978,4.3006999
Singapore,,,50,50,50.0,"Singapore, , ",1.352083,103.819836
Bangor,Gwynedd,UK,400,400,400.0,"Bangor, , UK",53.22739,-4.129263
Mwanza,,Tanzania,19,19,19.0,"Mwanza, , Tanzania",-2.5164305,32.9174517
Nanaimo,,Canada,1000,1000,1e3,"Nanaimo, , Canada",49.1658836,-123.9400647
Kamloops,,Canada,NA,NA,NA,"Kamloops, , Canada",50.674522,-120.3272674
Saskatoon,,Canada,800,1000,900.0,"Saskatoon, , Canada",52.1332144,-106.6700458
North West River,,Canada,20,20,20.0,"North West River, , Canada",53.52551099999999,-60.14297
Whitehorse,,Canada,100,300,200.0,"Whitehorse, , Canada",60.7211871,-135.0568449
Yellowknife,,Canada,100,130,115.0,"Yellowknife, , Canada",62.4539717,-114.3717886
Osaka,,Japan,NA,NA,NA,"Osaka, , Japan",34.6937378,135.5021651
Hanoi,,Vietnam,27,27,27.0,"Hanoi, , Vietnam",21.0277644,105.8341598
Kassel,,Germany,100,100,100.0,"Kassel, , Germany",51.3127114,9.4797461
Aachen,,Germany,NA,NA,NA,"Aachen, , Germany",50.7753455,6.083886800000001
Bremerhaven,,Germany,30,30,30.0,"Bremerhaven, , Germany",53.5395845,8.5809424
Huntsville,,Canada,30,30,30.0,"Huntsville, , Canada",45.3269323,-79.2167539
Lilongwe,Central Region,Malawi,NA,NA,NA,"Lilongwe, , Malawi",-13.9626121,33.7741195
Stavanger,,Norway,NA,NA,NA,"Stavanger, , Norway",58.9699756,5.7331073
Isla Mujeres,,Mexico,5,5,5.0,"Isla Mujeres, , Mexico",21.2366946,-86.7357679
Cuenca,,Ecuador,20,50,35.0,"Cuenca, , Ecuador",-2.9001285,-79.00589649999999
Belfast,,UK,200,300,250.0,"Belfast, , UK",54.59728500000001,-5.93012
Castlebar,,Ireland,120,120,120.0,"Castlebar, , Ireland",53.8550014,-9.287925699999999
Montpelier,,France,500,3000,1750.0,"Montpelier, , France",43.610769,3.876716
Guelph,,Canada,545,545,545.0,"Guelph, , Canada",43.5448048,-80.24816659999999
Lusaka,,Zambia,140,140,140.0,"Lusaka, , Zambia",-15.3875259,28.3228165
Songdo,,South Korea,25,25,25.0,"Songdo, , South Korea",37.3839118,126.6438546
Shipley,,UK,1400,1400,1400.0,"Shipley, , UK",53.835927,-1.776978
Maadi Degla,,Egypt,4,4,4.0,"Maadi Degla, , Egypt",29.9550427,31.2735648
Trondheim,,Norway,260,260,260.0,"Trondheim, , Norway",63.4305149,10.3950528
Phnom Penh,,Cambodia,NA,NA,NA,"Phnom Penh, , Cambodia",11.5448729,104.8921668
Rabat,,Morocco,23,23,23.0,"Rabat, , Morocco",33.9715904,-6.8498129
