"Incident Date",State,"City Or County",Address,"# Killed","# Injured",Operations
"February 18, 2018",Texas,Houston,"7800 block of Locksley Rd",0,2,N/A
"February 18, 2018",Texas,Houston,"Northborough Dr and Rushcreek Dr",0,1,N/A
"February 18, 2018",Texas,"Kemah (Clear Lake Shores)","401 Fm 2094 Rd",0,1,N/A
"February 18, 2018",Texas,Houston,"9898 Forum Park Dr",1,0,N/A
"February 18, 2018",Illinois,Chicago,"1500 N Clybourn Ave",0,0,N/A
"February 18, 2018",Illinois,Chicago,"4500 S Hermitage Ave",0,1,N/A
"February 18, 2018",Illinois,Chicago,"7700 S Kilbourn Ave",1,0,N/A
"February 18, 2018",Illinois,Chicago,"1500 W 80th St",1,1,N/A
"February 18, 2018",Illinois,Chicago,"8300 S Carpenter St",0,1,N/A
"February 18, 2018",Kentucky,Louisville,"5930 Cooper Chapel Road",1,1,N/A
"February 17, 2018",Massachusetts,Boston,"432 Columbus Ave",0,0,N/A
"February 17, 2018",Massachusetts,Brockton,"185 Perkins Ave",0,1,N/A
"February 17, 2018","South Carolina",Columbia,"2100 block of Steele St",0,1,N/A
"February 17, 2018",Texas,Dallas,"2100 block of Highwood Dr",0,1,N/A
"February 17, 2018",Michigan,Detroit,"19326 Conant St",0,1,N/A
"February 17, 2018","District of Columbia",Washington,"2400 block of Ainger Pl SE",0,0,N/A
"February 17, 2018","District of Columbia",Washington,"200 block of 53rd St NE",0,0,N/A
"February 17, 2018",Louisiana,"New Orleans","800 block of Magazine St",0,1,N/A
"February 17, 2018",Georgia,"Forest Park","500 block of Yancey Dr",1,0,N/A
"February 17, 2018",Illinois,Chicago,"4000 W Armitage Ave",0,1,N/A
"February 17, 2018",Massachusetts,Lowell,"O'Connell St and Fay St",1,1,N/A
"February 17, 2018",Utah,"Salt Lake City (Kearns)","4820 S 5100 W",0,1,N/A
"February 17, 2018",Texas,Austin,"8400 block of Garcreek Cir",0,0,N/A
"February 17, 2018",Oklahoma,"Catoosa (Fair Oaks)","E 5th St and S 273rd E Ave",0,0,N/A
"February 17, 2018",Oklahoma,"Oklahoma City","SW 68th St and S May Ave",0,1,N/A
"February 17, 2018","New Mexico","Los Alamos","1001 Camino Entrada",0,0,N/A
"February 17, 2018",Virginia,Richmond,"6346 Midlothian Turnpike",0,1,N/A
"February 17, 2018",Tennessee,Jackson,"Raintree Cove",1,0,N/A
"February 17, 2018",Tennessee,Nashville,"Oakview Dr",0,0,N/A
"February 17, 2018",Tennessee,Antioch,"3918 Apache Trail",0,1,N/A
"February 17, 2018",Louisiana,"Baton Rouge","10950 Darryl Drive",1,0,N/A
"February 17, 2018",Louisiana,"Baton Rouge","6117 Cadillac St",1,0,N/A
"February 17, 2018",Washington,Spokane,"1300 Block of E Sprague Ave",0,0,N/A
"February 17, 2018",Louisiana,"New Orleans","St Ann St and N Prieur St",2,0,N/A
"February 17, 2018",Virginia,Lynchburg,"2100 block of Link Rd",0,1,N/A
"February 17, 2018",Texas,"San Antonio","7800 block of San Hedrick Farm",0,1,N/A
"February 17, 2018",Pennsylvania,Philadelphia,"3300 block of Reed St",0,1,N/A
"February 17, 2018",Florida,"Casselberry (Fern Park)","200 Maltese Cir",1,0,N/A
"February 17, 2018",Tennessee,Memphis,"3188 N Watkins Ave",0,5,N/A
"February 17, 2018",Indiana,Indianapolis,I-465,0,1,N/A
"February 17, 2018",California,"San Francisco","Alameda St",0,0,N/A
"February 17, 2018",California,Chico,"W 2nd St and Orange St",0,1,N/A
"February 17, 2018",Illinois,Aurora,"Lafayette St and Melrose Ave",0,0,N/A
"February 17, 2018",Florida,"Palm Beach Gardens (Riviera Beach)","300 block of W 15th St",1,0,N/A
"February 17, 2018",Illinois,Chicago,"4000 W Van Buren St",0,3,N/A
"February 17, 2018",Illinois,Chicago,"1200 W 60th St",0,1,N/A
"February 17, 2018",Illinois,Chicago,"3000 W North Ave",0,1,N/A
"February 17, 2018",Illinois,Chicago,"4300 S Archer Ave",0,1,N/A
"February 17, 2018",Wisconsin,"West Bend","Main Street and Vine Street",0,0,N/A
"February 17, 2018",Wisconsin,Milwaukee,"South 5th Place and Hayes Avenue",0,1,N/A
"February 17, 2018",Minnesota,"Saint Paul","1500 block of Magnolia Ave E",0,0,N/A
"February 17, 2018",Illinois,Chicago,"2900 S Loomis St",0,1,N/A
"February 17, 2018",Illinois,Chicago,"3100 W Carroll Ave",0,1,N/A
"February 17, 2018",Illinois,Chicago,"700 E 133rd St",1,0,N/A
"February 17, 2018",Minnesota,Mapleton,N/A,2,0,N/A
"February 17, 2018",Kentucky,Newport,"300 block of Lindsey",1,0,N/A
"February 17, 2018",Alaska,Fairbanks,N/A,0,0,N/A
"February 17, 2018",Kentucky,Corbin,"102 Ellison St",2,0,N/A
"February 17, 2018","Rhode Island",Providence,"Elmhurst Ave",0,0,N/A
"February 17, 2018",Utah,"Salt Lake City (West Valley City)","3980 S 5600 West",0,1,N/A
"February 17, 2018","West Virginia",Inwood,"602 Pilgrim St",1,1,N/A
"February 17, 2018","South Carolina",Columbia,"Johnson Ave",2,0,N/A
"February 17, 2018","South Carolina",Columbia,"Benedict St",1,0,N/A
"February 16, 2018",Minnesota,Minneapolis,"3400 block of Old Creek Pl",1,1,N/A
"February 16, 2018",Massachusetts,Boston,"Glenrose Rd and Adams St",0,0,N/A
"February 16, 2018","South Carolina","Saint Helena Island","2141 Sea Island Pkwy",0,0,N/A
"February 16, 2018",Texas,Austin,"Red River St and E 12th St",0,1,N/A
"February 16, 2018",Massachusetts,Lynn,"547 Essex St",0,0,N/A
"February 16, 2018",Maryland,Laurel,"I-95 and Rte 216",0,0,N/A
"February 16, 2018",Ohio,Akron,"900 block of Mercer Ave",1,0,N/A
"February 16, 2018",Illinois,Zion,"2800 block of Edina Blvd",1,2,N/A
"February 16, 2018",Illinois,Rockford,"1800 block of Belden St",0,0,N/A
"February 16, 2018","North Carolina",Raleigh,"5200 block of Dana Dr",0,1,N/A
"February 16, 2018",Texas,Killeen,"200 block of Elkins Ave",0,1,N/A
"February 16, 2018","North Carolina",Garner,"2101 Spring Dr",0,0,N/A
"February 16, 2018",Delaware,Wilmington,"1300 block of Buckingham Ave",0,3,N/A
"February 16, 2018",Delaware,Georgetown,"Dupont Blvd",0,0,N/A
"February 16, 2018",Massachusetts,Springfield,"70 Fort Pleasent Ave",0,1,N/A
"February 16, 2018",Texas,Spring,"2300 block of Kylie Ct",1,0,N/A
"February 16, 2018","West Virginia",Charleston,"Rebecca St and 7th Ave",0,1,N/A
"February 16, 2018","West Virginia","Charleston (Sissonville)","First Creek Rd",1,0,N/A
"February 16, 2018","West Virginia",Charleston,"6100 Sissonville Dr",0,0,N/A
"February 16, 2018",Florida,Tampa,"N 24th St and E Curtis Ave",0,2,N/A
"February 16, 2018","North Carolina",Wilmington,"1300 block of Buckingham Ave",0,3,N/A
"February 16, 2018",Louisiana,"New Orleans","Pauger and N. Villere",0,1,N/A
"February 16, 2018",Oklahoma,"Oklahoma City","S Pennsylvania Ave and SW 15th St",1,3,N/A
"February 16, 2018",Florida,Vernon,"Hicks Lake Rd",0,0,N/A
"February 16, 2018",Oklahoma,"Oklahoma City","NE 33rd St and N Lincoln Blvd",1,0,N/A
"February 16, 2018",Tennessee,Milan,"4040 Reasons Blvd",1,0,N/A
"February 16, 2018",Florida,Orlando,"3510 Rio Vista Ave",0,1,N/A
"February 16, 2018","North Carolina",Statesville,"1900 block of Cline St",0,0,N/A
"February 16, 2018","North Carolina",Claremont,"3437 E Main St",0,0,N/A
"February 16, 2018",Tennessee,Nashville,"11th Ave North and Jennings Street",0,1,N/A
"February 16, 2018",Ohio,Cincinnati,"Livingston Street and Linn Street",0,1,N/A
"February 16, 2018",Minnesota,Minneapolis,"3500 block of Lynndale Ave N",1,1,N/A
"February 16, 2018",Ohio,Dayton,"8945 Kingsridge Dr",0,1,N/A
"February 16, 2018",Pennsylvania,"Mc Kees Rocks (Mckees Rocks)","Ella St",1,0,N/A
"February 16, 2018",Florida,"West Palm Beach","3505 Shiloh Dr",0,0,N/A
"February 16, 2018",Kentucky,Louisville,"35th Street and Broadway",0,1,N/A
"February 16, 2018",Tennessee,Nashville,"40th Ave N and Clifton Ave",0,0,N/A
"February 16, 2018",Virginia,Roanoke,"1800 block of Orange Ave",0,1,N/A
"February 16, 2018",Pennsylvania,Philadelphia,"200 block of S 52nd St",0,1,N/A
"February 16, 2018",Delaware,Wilmington,"4th St and Clayton St",0,1,N/A
"February 16, 2018",Iowa,Waterloo,"100 Monroe St",0,1,N/A
"February 16, 2018",Tennessee,Humboldt,"N 18th St",0,1,N/A
"February 16, 2018",Ohio,Dayton,"100 block of Lorenz Avenue",1,0,N/A
"February 16, 2018",Pennsylvania,Philadelphia,"4314 Locust St",0,0,N/A
"February 16, 2018","District of Columbia",Washington,"4200 block of 6th St SE",0,1,N/A
"February 16, 2018",Missouri,Centralia,"849 S Jefferson Centralia",0,0,N/A
"February 16, 2018","District of Columbia",Washington,"4200 block of 7th St SE",0,1,N/A
"February 16, 2018",Ohio,Canton,"5600 block of Frank Ave NW",0,1,N/A
"February 16, 2018","District of Columbia",Washington,"3600 block of Hayes St NE",0,2,N/A
"February 16, 2018",Texas,Plano,"4200 block of McAlice Dr",1,0,N/A
"February 16, 2018",Illinois,Chicago,"3300 W Van Buren St",0,1,N/A
"February 16, 2018","North Carolina",Raleigh,"Sunbow Falls Ln",0,1,N/A
"February 16, 2018",Illinois,Chicago,"1800 S Ridgeway Ave",0,1,N/A
"February 16, 2018",Arizona,Phoenix,"89th Ave and McDowell Rd",0,1,N/A
"February 16, 2018",Arizona,Phoenix,"3434 S 67th Ave",0,0,N/A
"February 16, 2018",Texas,Houston,"Ludington Dr and Fondren Rd",0,1,N/A
"February 16, 2018",Illinois,Chicago,"1700 W Beach Ave",0,1,N/A
"February 16, 2018",Texas,Killeen,"2600 block of Cross Timber Dr",0,1,N/A
"February 16, 2018",Florida,"Cocoa Beach","2001 S Banana River Blvd",1,0,N/A
"February 16, 2018",Washington,Kennewick,"8200 block of Imnaha Ave",0,0,N/A
"February 16, 2018",Washington,Kennewick,"2500 block of Entiat Ave",0,0,N/A
"February 16, 2018",California,"San Diego","7600 block of Prairie Mound Way",0,0,N/A
"February 16, 2018",California,Salinas,"700 block of Jefferson St",0,1,N/A
"February 16, 2018",California,"Moreno Valley","23500 block of Sunnymead Ranch Pkwy",0,1,N/A
"February 16, 2018",California,Modesto,"Creekwood Dr",0,1,N/A
"February 16, 2018",California,"Littlerock (Juniper Hills)","Longview Rd and Pallet Creek Rd",1,0,N/A
"February 16, 2018",California,"San Francisco","Oak St and Stanyan St",1,1,N/A
"February 16, 2018",Florida,"Fort Myers","2000 block of Central Ave",1,0,N/A
"February 16, 2018",Indiana,Indianapolis,"4500 E 21st St",0,0,N/A
"February 16, 2018",Florida,"Fort Pierce","1403 Ave M",0,1,N/A
"February 16, 2018",Ohio,Cincinnati,"Colerain Ave and Ammon Ave",1,0,N/A
"February 16, 2018",Maryland,Baltimore,"1700 block of N Ellamont St",1,0,N/A
"February 16, 2018",Kansas,"Junction City","1917 Sunflower Dr",0,0,N/A
"February 16, 2018",Kansas,Topeka,"3500 block of SE Girard St",0,1,N/A
"February 16, 2018",Illinois,Dolton,"15200 S Blackstone Ave",1,0,N/A
"February 16, 2018",Wisconsin,"De Forest","700 block of Park Avenue",0,1,N/A
"February 16, 2018",Illinois,Chicago,"4700 S Ada St",0,1,N/A
"February 16, 2018",Illinois,Chicago,"10200 S Hoxie Ave",1,1,N/A
"February 16, 2018",Illinois,Chicago,"1900 N Harding Ave",0,1,N/A
"February 16, 2018",Illinois,Chicago,"4700 W Madison St",0,1,N/A
"February 16, 2018",Illinois,Chicago,"2900 W Cermak Rd",0,1,N/A
"February 16, 2018",Illinois,Chicago,"3900 W Potomac Ave",0,1,N/A
"February 16, 2018",Illinois,Chicago,"150 E Upper Wacker Dr",0,3,N/A
"February 16, 2018",Minnesota,"Sauk Rapids","3200 Old Stone Way NE",1,1,N/A
"February 16, 2018",Michigan,Flint,"1900 block of Woodslea Dr",0,1,N/A
"February 16, 2018",Michigan,Detroit,"14100 BLOCK OF GLASTONBURY AVE",0,0,N/A
"February 16, 2018",Michigan,Detroit,"1700 BLOCK OF MELDRUM ST",0,0,N/A
"February 16, 2018",Michigan,Detroit,"6200 BLOCK OF JOHN R ST",0,0,N/A
"February 16, 2018",Michigan,Detroit,"1400 BLOCK OF BEARD ST",0,0,N/A
"February 16, 2018",Michigan,Detroit,"BEARD ST AND CHATFIELD ST",0,0,N/A
"February 16, 2018",Michigan,Detroit,"MADDELEIN ST AND HAYES ST",0,0,N/A
"February 16, 2018",Maryland,Baltimore,"I-95 N",0,0,N/A
"February 16, 2018",Alabama,Birmingham,"6th Ave and 4th St",0,1,N/A
"February 16, 2018","Rhode Island",Providence,"Cliff St",0,1,N/A
"February 16, 2018","Rhode Island",Pawtucket,"273 Weeden St",0,1,N/A
"February 16, 2018",Michigan,"Keego Harbor","2300 block of Cass Lake Road",4,0,N/A
"February 16, 2018",Oklahoma,Tulsa,"4600 block of N Iroquois Ave",0,1,N/A
"February 16, 2018",Oklahoma,Tulsa,"11315 E 11th St",0,0,N/A
"February 16, 2018",Connecticut,"South Windsor","Gorski Dr",0,1,N/A
"February 16, 2018",Massachusetts,Bridgewater,N/A,0,0,N/A
"February 16, 2018",Arizona,Parker,"1600 S Kofa Ave",0,0,N/A
"February 16, 2018",Colorado,"Colorado Springs","1600 N Murray Blvd",0,0,N/A
"February 16, 2018",Louisiana,Shreveport,"2400 block of Jones Mabry Rd",0,1,N/A
"February 16, 2018","South Carolina",Dillon,"500 N 8th Ave",1,0,N/A
"February 16, 2018",Ohio,Ashtabula,"3100 block of Glover Dr",0,1,N/A
"February 16, 2018",Colorado,Denver,"W 30th Ave and Vallejo St",0,1,N/A
"February 15, 2018",Colorado,Boulder,"13th St and Canyon Blvd",0,0,N/A
"February 15, 2018",Texas,Houston,"3200 block of Anita St",0,1,N/A
"February 15, 2018",Massachusetts,Lowell,"101 Thorndike St",1,0,N/A
"February 15, 2018",Colorado,Delta,"1765 Hwy  50",0,0,N/A
"February 15, 2018",Georgia,Columbus,"2700 block of Thomas St",1,0,N/A
"February 15, 2018","District of Columbia",Washington,"400 block of 60th St NE",0,0,N/A
"February 15, 2018",Pennsylvania,"Mckeesport (White Oak)","Carmella Dr",0,0,N/A
"February 15, 2018","New Jersey",Trenton,"88 Beechwood Ave",0,0,N/A
"February 15, 2018",Massachusetts,Springfield,"Sorrento St and Alderman St",0,1,N/A
"February 15, 2018","New Jersey","Perth Amboy","300 block of Watson Ave",0,0,N/A
"February 15, 2018",Arizona,Phoenix,"3710 W Camelback Rd",1,0,N/A
"February 15, 2018",Texas,Houston,"8410 W Bartell Dr",1,1,N/A
"February 15, 2018","North Carolina",Henderson,"538 Skenes Ave",1,1,N/A
"February 15, 2018",Ohio,Cincinnati,"Elizabeth St and Blue Ash Rd",0,1,N/A
"February 15, 2018",Arkansas,Conway,"Bernard Dr",1,0,N/A
"February 15, 2018",Texas,Plano,"5601 W Parker Rd",0,0,N/A
"February 15, 2018",Texas,"Flower Mound","5707 Morriss Rd",0,0,N/A
"February 15, 2018",Texas,Garland,"600 Colonel Dr",0,0,N/A
"February 15, 2018","North Carolina",Greenville,"100 Dixon Dr",0,0,N/A
"February 15, 2018",Texas,Texarkana,"3800 block of Magnolia St",0,0,N/A
"February 15, 2018",Louisiana,"New Orleans","Josephine Street and Magnolia Street",0,1,N/A
"February 15, 2018",Virginia,Portsmouth,N/A,0,1,N/A
"February 15, 2018","West Virginia",Bridgeport,"818 W Main St",0,0,N/A
"February 15, 2018",Delaware,Wilmington,"23rd St and N Pine St",0,1,N/A
"February 15, 2018",Ohio,Canton,"2600 block of Fulton Rd NW",0,0,N/A
"February 15, 2018",Virginia,Hopewell,"239 S 8th Ave",0,1,N/A
"February 15, 2018",Nebraska,Omaha,"Hamilton St and N 24th St",0,0,N/A
"February 15, 2018",Maryland,Burtonsville,"Aldora Cir",2,0,N/A
"February 15, 2018",California,Sacramento,N/A,0,0,N/A
"February 15, 2018",Virginia,Yorktown,"2601 George Washington Memorial Hwy",1,0,N/A
"February 15, 2018",Oklahoma,Owasso,"E 59th St N and N 145th E Ave",0,0,N/A
"February 15, 2018",Virginia,Norfolk,"1900 block of Kingston Ave",0,0,N/A
"February 15, 2018",Tennessee,Memphis,"I-40 and N Hollywood St",0,2,N/A
"February 15, 2018",Florida,Homosassa,"W Stone Gate Ct",0,1,N/A
"February 15, 2018","North Carolina","Winston Salem (Winston-salem)","1400 block of N Cleveland Ave",0,0,N/A
"February 15, 2018",Washington,Bremerton,"3500 Wheaton Way",0,1,N/A
"February 15, 2018",Florida,"Lehigh Acres","100 block of McArthur Ave",0,1,N/A
"February 15, 2018","District of Columbia",Washington,"3700 block of 1st St SE",0,0,N/A
"February 15, 2018",Georgia,Athens,"200 block of Clarkewoods Rd",0,0,N/A
"February 15, 2018",Kentucky,Louisville,"1200 block of Heafer Road",1,0,N/A
"February 15, 2018",Georgia,Jonesboro,"675 Southside Commercial Pkwy",0,1,N/A
"February 15, 2018",Florida,"Belle Glade","SW 4th Ave and MLK Blvd",0,1,N/A
"February 15, 2018",Alabama,Fairhope,"2 Pirate Dr",0,0,N/A
"February 15, 2018",Alabama,Fairfield,"I-59 N",0,1,N/A
"February 15, 2018",Louisiana,"Baton Rouge","5765 Prescott Road",1,0,N/A
"February 15, 2018",Maryland,Clarksburg,"22500 Wims Rd",0,0,N/A
"February 15, 2018","District of Columbia",Washington,"500 block of B St SE",0,1,N/A
"February 15, 2018","New Jersey",Salem,"Thompson St",1,0,N/A
"February 15, 2018",Maryland,Baltimore,"1300 block of N Monroe St",0,1,N/A
"February 15, 2018",Florida,Orlando,"Holden Ave and S Orange Blossom Trail",0,1,N/A
"February 15, 2018",Florida,Jacksonville,"Lansdowne Dr",0,1,N/A
"February 15, 2018",Washington,Lynnwood,"2700 block of Crawford Rd",0,0,N/A
"February 15, 2018",California,"San Bernardino (county)",N/A,0,0,N/A
"February 15, 2018",Florida,"Coconut Creek","7600 Lyons Rd",0,1,N/A
"February 15, 2018",Florida,"Winter Springs","3100 block of Via Villanova Way",1,1,N/A
"February 15, 2018",Wisconsin,Milwaukee,"2163 N 38TH ST",0,0,N/A
"February 15, 2018",California,Yucaipa,"Yucaipa Blvd and 4th Street Rd",0,0,N/A
"February 15, 2018",California,"Humboldt (county)",N/A,0,0,N/A
"February 15, 2018",Wisconsin,Milwaukee,"W Cherry St and N 26th St",0,0,N/A
"February 15, 2018",Wisconsin,Milwaukee,"2000 block of Clybourn St",0,0,N/A
"February 15, 2018",Mississippi,Lexington,N/A,1,0,N/A
"February 15, 2018",California,Turlock,"200 block of W Main St",0,2,N/A
"February 15, 2018",California,"South Gate","13100 block of Paramount Blvd",1,0,N/A
"February 15, 2018",Alabama,Robertsdale,"24280 Patterson Road",2,0,N/A
"February 15, 2018",Alabama,Talladega,"1177 Mcmillan St E",0,0,N/A
"February 15, 2018",California,Fresno,"Tulare St and 1st St",0,0,N/A
"February 15, 2018",Wisconsin,Madison,"4800 block of Hayes Rd",0,0,N/A
"February 15, 2018",Illinois,Chicago,"800 N Cambridge Ave",0,1,N/A
"February 15, 2018",Ohio,Cincinnati,N/A,0,0,N/A
"February 15, 2018",California,Richmond,"700 block of 9th St",0,2,N/A
"February 15, 2018",Arkansas,"Fort Smith","5103 Townson Ave",1,0,N/A
"February 15, 2018",Arkansas,"Little Rock","33 Falcon Ct",1,0,N/A
"February 15, 2018",Texas,Dallas,"2600 block of Howland St",0,1,N/A
"February 15, 2018",Pennsylvania,Smithfield,"Morris Buncic Rd",0,2,N/A
"February 15, 2018",Pennsylvania,Pittsburgh,"E Agnew Ave and Brownsville Rd",0,1,N/A
"February 15, 2018",Alabama,Tuscaloosa,"3504 12th Ave E",0,0,N/A
"February 15, 2018",Pennsylvania,Philadelphia,"Rosalie St and Rising Sun Ave",1,0,N/A
"February 15, 2018",Louisiana,"New Orleans (Algiers)","3400 block of Vespasian Boulevard",0,0,N/A
"February 15, 2018",Louisiana,"New Orleans","1500 block of Flood St",0,1,N/A
"February 15, 2018",Michigan,Detroit,"E WARREN AVE AND E GRAND BLVD",0,0,N/A
"February 15, 2018",Michigan,Detroit,"PURITAN AVE AND SOUTHFIELD FWY",0,0,N/A
"February 15, 2018",Michigan,Detroit,"14800 block of Ashton St",2,0,N/A
"February 15, 2018",Illinois,Carbondale,"400 E Mill St",1,1,N/A
"February 15, 2018",Wisconsin,Milwaukee,"3760 N 10TH ST",0,0,N/A
"February 15, 2018",Kansas,Wichita,"600 block of North Parkdale",0,1,N/A
"February 15, 2018",Pennsylvania,Chester,"W 5th St and Frank Young Ave",0,1,N/A
"February 15, 2018",Minnesota,Minneapolis,"5700 block of Boston Terrace",0,0,N/A
"February 15, 2018","New Jersey",Trenton,"1000 block of Calhoun St",0,0,N/A
"February 15, 2018","New Jersey",Paterson,"Matlock St",0,0,N/A
"February 15, 2018",Missouri,"De Soto","Hwy JJ and Hwy T",0,0,N/A
"February 15, 2018",Alabama,Auburn,"Old Mill Rd",1,0,N/A
"February 15, 2018",Mississippi,Brooksville,"Meadowbrook Street",0,1,N/A
"February 15, 2018","South Carolina",Greenville,"White Horse Road",0,1,N/A
"February 15, 2018",Indiana,Gary,"4200 Kentucky St",1,0,N/A
"February 15, 2018",Michigan,Sebewaing,"534 block of Beach St",3,0,N/A
"February 15, 2018",Alaska,"Delta Junction (Dot Lake)",N/A,0,0,N/A
"February 15, 2018",Missouri,"Lees Summit","901 NE Douglas St",0,0,N/A
"February 15, 2018",Alabama,Fairfield,"7201 Aaron Aronov Dr",1,0,N/A
"February 15, 2018",Texas,Houston,"9020 Gulf Fwy",0,0,N/A
"February 15, 2018","New Hampshire",Manchester,"515 Hall St",0,0,N/A
"February 15, 2018",Texas,Longview,"103 W Loop 281",1,1,N/A
"February 15, 2018",Arizona,Mesa,"1800 block of E Nielson Ave",0,1,N/A
"February 15, 2018",Oklahoma,Tulsa,"3100 block of S Memorial Dr",0,0,N/A
"February 15, 2018",Arizona,Mesa,"Stapley Dr and McLellan Rd",0,0,N/A
"February 15, 2018","New York",Coram,"Country Club Dr",0,0,N/A
"February 15, 2018",Colorado,Fountain,"300 block of S Race St",0,0,N/A
"February 15, 2018",Massachusetts,Brockton,"Fuller St",0,0,N/A
"February 15, 2018",Arizona,Phoenix,"3434 S 67th Ave",0,0,N/A
"February 15, 2018",Arizona,Scottsdale,"6935 E Gold Dust Ave",0,0,N/A
"February 15, 2018","New York",Liverpool,"100 block of Traister Dr",0,0,N/A
"February 15, 2018","South Carolina",Anderson,N/A,0,0,N/A
"February 15, 2018",Georgia,Buford,"918 Buford Hwy NE",0,0,N/A
"February 15, 2018",Maine,Richmond,"843 Alexander Reed Rd",1,0,N/A
"February 15, 2018",Vermont,Poultney,N/A,0,0,N/A
"February 15, 2018",Ohio,Cambridge,"Steubenville Ave",0,0,N/A
"February 15, 2018",Ohio,Ashtabula,"W 52nd St and Jefferson Ave",0,0,N/A
"February 15, 2018",California,"Santa Barbara","E Camino Cielo",0,1,N/A
"February 15, 2018",Texas,"El Paso","800 block of Crathorne St",2,0,N/A
"February 15, 2018",Pennsylvania,Philadelphia,"2100 block of Etting Ter",0,3,N/A
"February 15, 2018",Texas,Arlington,"4721 S Cooper St",0,1,N/A
"February 15, 2018",Texas,Dallas,"3200 block of Palo Alto Dr",0,2,N/A
"February 14, 2018",Massachusetts,Weymouth,"686 Main St",0,1,N/A
"February 14, 2018",Nevada,"Las Vegas","200 block of W Chicago Ave",1,0,N/A
"February 14, 2018","New York","Glens Falls","Maple St",0,0,N/A
"February 14, 2018",Minnesota,Baxter,"7609 Excelsior Rd",1,0,N/A
"February 14, 2018",Colorado,"Grand Junction","585 25 1/2 Rd",0,0,N/A
"February 14, 2018",Massachusetts,Boston,"102 Winthrop St",1,0,N/A
"February 14, 2018",Pennsylvania,"Pittsburgh (Churchill)","Harmain Rd",0,1,N/A
"February 14, 2018",Michigan,Coopersville,"18000 80th Ave",0,1,N/A
"February 14, 2018",Georgia,Macon,"668 Oglethorpe St",0,0,N/A
"February 14, 2018",Massachusetts,Boston,"144 Tremont St",0,0,N/A
"February 14, 2018",California,Sacramento,N/A,0,0,N/A
"February 14, 2018","South Carolina",Columbia,"Albemarle Street",0,2,N/A
"February 14, 2018",Ohio,Pataskala,"2100 block of Summit Rd SW",0,0,N/A
"February 14, 2018",Georgia,Tifton,"1700 block of Bell Ave",1,0,N/A
"February 14, 2018",Arkansas,"El Dorado","S M.L.K. Jr Blvd",0,0,N/A
"February 14, 2018",Ohio,Lancaster,"1327 River Valley Blvd",0,0,N/A
"February 14, 2018",Louisiana,Westlake,"Clarence Street",1,0,N/A
"February 14, 2018",Virginia,Richmond,"1500 N Lombardy St",0,0,N/A
"February 14, 2018",Massachusetts,"Fall River","Albert St and Smith St",0,0,N/A
"February 14, 2018",Louisiana,"New Orleans","1800 block of Magnolia Street",1,0,N/A
"February 14, 2018",Virginia,Roanoke,"703 Hunt Ave NW",0,1,N/A
"February 14, 2018",Massachusetts,"Fall River","408 S Main St",1,0,N/A
"February 14, 2018",Texas,"Fort Worth","3000 block of N Tarrant Pkwy",1,0,N/A
"February 14, 2018",Delaware,Dover,"892 Woodcrest Dr",0,0,N/A
"February 14, 2018",Ohio,Alliance,"1 block of N Union Ave",0,0,N/A
"February 14, 2018",Nebraska,Omaha,"44th Ave and Pinkney St",0,1,N/A
"February 14, 2018",Maryland,"Capitol Heights","1300 block of Oates Rd",1,0,N/A
"February 14, 2018",California,Oakland,"85th Ave and Railroad Ave",0,1,N/A
"February 14, 2018",California,"San Leandro","5300 block of E 8th St",0,0,N/A
"February 14, 2018",Tennessee,Jackson,"200 block of Edenwood Dr",0,1,N/A
"February 14, 2018",Oklahoma,Ada,"1300 Lonnie Abbott Blvd",0,0,N/A
"February 14, 2018",Iowa,Waterloo,"700 Jefferson St",0,0,N/A
"February 14, 2018",Oklahoma,Choctaw,"N Choctaw Rd and NE 10th St",0,0,N/A
"February 14, 2018",Tennessee,Chattanooga,"3300 block of Campbell St",0,1,N/A
"February 14, 2018",Iowa,Waterloo,"Wellington St and W 4th St",0,1,N/A
"February 14, 2018",Maryland,Baltimore,"200 block of E 22nd St",0,0,N/A
"February 14, 2018",California,"Los Angeles","21000 block of Erwin St",0,0,N/A
"February 14, 2018",Tennessee,Madison,"2122 Paula Dr",0,0,N/A
"February 14, 2018",Tennessee,Nashville,"2210 Crestmoor Rd",0,1,N/A
"February 14, 2018",California,"San Diego","Skyline Dr",0,0,N/A
"February 14, 2018",Florida,Ocala,"Martin Luther King Jr Ave and W SR 40",0,1,N/A
"February 14, 2018",Maryland,Baltimore,"3500 block of E Federal St",0,0,N/A
"February 14, 2018",Tennessee,Nashville,"3701 Benham Ave",0,1,N/A
"February 14, 2018",Indiana,Urbana,"500 County Rd 400 N",1,0,N/A
"February 14, 2018",Georgia,Augusta,"Walton Way and Baxter Ave",0,2,N/A
"February 14, 2018",California,"North Hollywood","Lankershim Blvd and Victory Blvd",1,1,N/A
"February 14, 2018",Georgia,Cordele,"W 24th Ave and Joe Wright Dr",0,1,N/A
"February 14, 2018",Missouri,Fillmore,"298 W Kenyon St",0,0,N/A
"February 14, 2018",Georgia,Savannah,"Sunset Blvd and April St",1,1,N/A
"February 14, 2018",Virginia,Danville,"Northmont Blvd and Melrose Ave",0,0,N/A
"February 14, 2018",Arkansas,"Little Rock","7500 block of South University Avenue",0,1,N/A
"February 14, 2018",Arkansas,Pearcy,"400 block of Ryan Rd",0,1,N/A
"February 14, 2018",Arkansas,"North Little Rock","201 W 22nd St",0,0,N/A
"February 14, 2018","District of Columbia",Washington,"1400 block of Euclid St NW",0,1,N/A
"February 14, 2018",Missouri,Raymore,"S Dean Ave and W Lucy Webb Rd",1,0,N/A
"February 14, 2018",Florida,Tampa,"127th Ave",0,1,N/A
"February 14, 2018",Florida,"Panama City","3200 Block of US 231",0,1,N/A
"February 14, 2018",Florida,Orlando,"707 S Orange Blossom Trail",0,1,N/A
"February 14, 2018",Florida,Ocala,"1302 NW 10th St",0,1,N/A
"February 14, 2018",Florida,"Port Richey","6349 Ridgecrest Dr",0,1,N/A
"February 14, 2018",Minnesota,"Saint Paul (Maplewood)","2441 Maplewood Dr",0,0,N/A
"February 14, 2018",Kansas,Lawrence,N/A,0,0,N/A
"February 14, 2018",Minnesota,Minneapolis,"25th Ave N and 6th St N",0,0,N/A
"February 14, 2018",Texas,Converse,"Madison Creek",0,1,N/A
"February 14, 2018",Minnesota,"Saint Paul","1500 block of Grand Ave",0,0,N/A
"February 14, 2018",Alabama,Oxford,"Dewey Drive",0,0,N/A
"February 14, 2018",Alabama,Trafford,"100 block of Faucet Drive",0,1,N/A
"February 14, 2018",Alabama,Mobile,"5651 Renn St",1,0,N/A
"February 14, 2018",Alabama,Mobile,"Lundy Road",0,2,N/A
"February 14, 2018",Alabama,Mobile,"Aurelia Street",0,1,N/A
"February 14, 2018",Wisconsin,"Milwaukee (West Allis)","56th St and Greenfield Ave",0,0,N/A
"February 14, 2018",California,"Desert Hot Springs","12000 block of Avenida Alta Loma",1,1,N/A
"February 14, 2018",Ohio,Dayton,"31 Willowwood Dr",0,0,N/A
"February 14, 2018",Mississippi,Prentiss,"Zion Hill Church Road",1,1,N/A
"February 14, 2018",Arkansas,"North Little Rock","11500 Maybelline Rd",2,0,N/A
"February 14, 2018",Louisiana,Monroe,"Winnsboro Road",0,1,N/A
"February 14, 2018",Louisiana,"Baton Rouge","Terrace Avenue",0,1,N/A
"February 14, 2018",Minnesota,"Minneapolis (Fridley)","MN 65",1,0,N/A
"February 14, 2018",Minnesota,"Saint Cloud","8th Ave and 6th St S",0,1,N/A
"February 14, 2018",Minnesota,Baxter,"7609 Excelsior Rd",0,0,N/A
"February 14, 2018",Iowa,"Sioux City","14th St and Pierce St",0,0,N/A
"February 14, 2018",Louisiana,Farmerville,"King Johnson Rd",0,0,N/A
"February 14, 2018",Pennsylvania,Philadelphia,"2600 block of S Hobson St",0,2,N/A
"February 14, 2018",Pennsylvania,Philadelphia,"6600 block of Ogontz Ave",0,2,N/A
"February 14, 2018",Mississippi,Jackson,"Rose Street",1,0,N/A
"February 14, 2018",Michigan,Detroit,"Albion St and Eastwood St",0,0,N/A
"February 14, 2018",Michigan,Detroit,"Pierson St and Vassar Ave",0,0,N/A
"February 14, 2018",Michigan,Holland,"10753 Macatawa Dr",0,0,N/A
"February 14, 2018",Pennsylvania,Stroudsburg,NA,1,0,N/A
"February 14, 2018",Georgia,Lagrange,"Jefferson St",0,0,N/A
"February 14, 2018","District of Columbia",Washington,N/A,0,0,N/A
"February 14, 2018","District of Columbia",Washington,"1300 block of Dexter Terrace",0,0,N/A
"February 14, 2018",Wisconsin,Milwaukee,"2707 W MCKINLEY",0,0,N/A
"February 14, 2018",Delaware,Middletown,"100 block of E Lockwood St",0,0,N/A
"February 14, 2018",Kansas,Topeka,"SE Quincy St and SE 21st St",0,0,N/A
"February 14, 2018",Maryland,"Fort George G Meade (Fort Meade)","9800 Savage Rd",0,0,N/A
"February 14, 2018",Maryland,"Silver Spring","8550 Piney Branch Rd",0,1,N/A
"February 14, 2018","South Carolina",Columbia,"3727 Pine Belt Rd",0,1,N/A
"February 14, 2018",Texas,Amarillo,"401 SE 2nd Ave",0,1,N/A
"February 14, 2018","North Carolina",Wilmington,"100 Block of Spring Ave",0,1,N/A
"February 14, 2018",Texas,Humble,"19713 US 59",0,2,N/A
"February 14, 2018","North Carolina",Charlotte,"4400 block of N Tryon St",0,1,N/A
"February 14, 2018",Minnesota,Hibbing,"3800 block of 2nd Ave W",0,0,N/A
"February 14, 2018",Texas,"Fort Worth","2300 block of N Beach St",0,2,N/A
"February 14, 2018","North Carolina","High Point (Archdale)","6479 Suits Rd",1,0,N/A
"February 14, 2018","New Jersey","Toms River",NA,0,0,N/A
"February 14, 2018","New York","Hopewell Junction (Hopewell)",N/A,0,0,N/A
"February 14, 2018",Missouri,"Kansas City","2600 block of Cleveland Ave",1,0,N/A
"February 14, 2018",Michigan,Coopersville,"18000 block of 80th Ave",0,1,N/A
"February 14, 2018",Illinois,Chicago,"5200 W Adams St",0,1,N/A
"February 14, 2018",Illinois,Chicago,"1300 S Kedzie Ave",0,1,N/A
"February 14, 2018",Indiana,Merrillville,"901 W Lincoln Hwy",1,0,N/A
"February 14, 2018",Alaska,Anchorage,N/A,0,0,N/A
"February 14, 2018",Arkansas,Lonoke,"420 E Holly St",0,1,N/A
"February 14, 2018","Rhode Island",Providence,"89 Verndale Ave",0,1,N/A
"February 14, 2018",Oklahoma,"Oklahoma City","1300 block of McKinley Ave",0,1,N/A
"February 14, 2018",Oklahoma,Tulsa,"4000 block of S 130th E Ave",0,0,N/A
"February 14, 2018",Connecticut,Hamden,"Woodin St",0,0,N/A
"February 14, 2018",Colorado,"Colorado Springs","2855 S Academy Blvd",0,0,N/A
"February 14, 2018",Texas,Cypress,"Silent Star Ct",1,1,N/A
"February 14, 2018",Oregon,Portland,"5900 block of Northeast 12th Ave",0,0,N/A
"February 14, 2018",Texas,Beaumont,"2500 block of Buchanan St",0,0,N/A
"February 14, 2018",Texas,Longview,"Scenic Dr and Fairway Dr",0,0,N/A
"February 14, 2018",Nevada,"Las Vegas","2200 block of Superior Position St",1,0,N/A
"February 14, 2018","South Carolina",Walhalla,"Quarter Horse Trail",1,1,N/A
"February 14, 2018",Florida,"Pompano Beach (Parkland)","5901 Pine Island Rd",17,15,N/A
"February 14, 2018",Washington,Spokane,"W Frederick Ave and N Lincoln St",0,1,N/A
"February 13, 2018",Florida,"Palm Beach Gardens (Riviera Beach)",N/A,0,2,N/A
"February 13, 2018",Massachusetts,Taunton,"80 Taunton Depot Dr",0,0,N/A
"February 13, 2018",Tennessee,"La Follette (Lafollette)",N/A,0,1,N/A
"February 13, 2018",Kansas,Galena,"Wood St",0,0,N/A
"February 13, 2018",Colorado,Denver,"2200 block of S Clermont St",2,0,N/A
"February 13, 2018",Louisiana,"New Orleans","Carondelet St and Union St",0,2,N/A
"February 13, 2018",Louisiana,Lafayette,"200 block of High Meadows Blvd",0,1,N/A
"February 13, 2018",Alabama,"Phenix City","1500 block of 11th Ave",1,0,N/A
"February 13, 2018",Kentucky,Louisville,"Ottawa Ave",0,0,N/A
"February 13, 2018",Florida,Naples,"I-75 and Immokalee Rd",0,0,N/A
"February 13, 2018",Kentucky,Paris,"Williams St",0,0,N/A
"February 13, 2018",Florida,Ocala,"1900 block of NW 2nd St",0,1,N/A
"February 13, 2018","North Carolina","Winston Salem (Winston-salem)","Mount Vernon Ave",1,0,N/A
"February 13, 2018",Louisiana,Harvey,"West Bank Expressway and Manhattan Boulevard",0,1,N/A
"February 13, 2018","West Virginia",Barrackville,N/A,0,0,N/A
"February 13, 2018",Illinois,Channahon,"Bridge St",0,1,N/A
"February 13, 2018",Kentucky,Cynthiana,"414 Mount Carmel Road",1,1,N/A
"February 13, 2018",Utah,"Salt Lake City (West Valley City)","3510  W Parkway Blvd",1,2,N/A
"February 13, 2018",Louisiana,"New Orleans","5400 block of Andry Street",2,3,N/A
"February 13, 2018",Virginia,Norfolk,"3300 block of Kimball Terrace",0,1,N/A
"February 13, 2018",California,Eureka,"604 C St",0,0,N/A
"February 13, 2018","West Virginia","Webster Springs","Paynesville Rd",1,0,N/A
"February 13, 2018",Texas,Marshall,"1600 block of E Houston St",0,0,N/A
"February 13, 2018",California,Vallejo,"400 block of Carolina St",1,0,N/A
"February 13, 2018",Virginia,"Locust Grove","34477 Constitution Hwy",1,0,N/A
"February 13, 2018",Illinois,Chicago,"100 W Randolph St",1,0,N/A
"February 13, 2018",Tennessee,Nashville,"803 Dickerson Pike",0,0,N/A
"February 13, 2018",California,Redlands,"1601 Barton Rd",1,0,N/A
"February 13, 2018",Tennessee,Memphis,N/A,0,0,N/A
"February 13, 2018",Tennessee,Memphis,"Ford Rd and King Rd",0,1,N/A
"February 13, 2018",Tennessee,Columbia,"505 N Garden St",0,0,N/A
"February 13, 2018",Tennessee,Memphis,"3717 Robin Park Cir",1,0,N/A
"February 13, 2018",Illinois,"Calumet City","Hirsch Ave and Sibley Blvd",1,0,N/A
"February 13, 2018",Utah,"Salt Lake City","5683 S Redwood Rd",0,1,N/A
"February 13, 2018",Tennessee,Morristown,"3415 Dedra St",0,1,N/A
"February 13, 2018",California,"San Diego","4th St and E St",0,0,N/A
"February 13, 2018",Wisconsin,Milwaukee,"3272 N 24TH ST",0,0,N/A
"February 13, 2018",Arkansas,"Fort Smith","200 block of S 12th St",0,0,N/A
"February 13, 2018","North Dakota",Fargo,"85 Center St",0,0,N/A
"February 13, 2018",Florida,"Cocoa Beach","5450 N Atlantic Ave",0,0,N/A
"February 13, 2018",Massachusetts,"Fall River","Webster St",0,0,N/A
"February 13, 2018",Virginia,Portsmouth,"Portsmouth Blvd and Des Moines Ave",1,0,N/A
"February 13, 2018",California,Willits,"US 101",1,0,N/A
"February 13, 2018","New York","Grand Island",I-190,0,0,N/A
"February 13, 2018",Arkansas,"Little Rock","9800 block of Woodland Drive",0,0,N/A
"February 13, 2018","New York",Buffalo,"600 block of Orleans St",0,1,N/A
"February 13, 2018",Arkansas,"West Memphis","3900 block of Park Plaza",1,0,N/A
"February 13, 2018","New York",Wallkill,"6 Langton Mews",0,0,N/A
"February 13, 2018",Tennessee,Memphis,"Elvis Presley Blvd and E Alcy Rd",1,1,N/A
"February 13, 2018",Indiana,Elkhart,"400 W Franklin St",0,0,N/A
"February 13, 2018",Illinois,Chicago,"1600 E 75th St",0,1,N/A
"February 13, 2018",Florida,Jacksonville,"2860 Forest Blvd",0,0,N/A
"February 13, 2018","North Carolina","Bessemer City","500 block of Capps Rd",0,1,N/A
"February 13, 2018","North Carolina",Charlotte,"1241 Charlottetowne Ave",0,0,N/A
"February 13, 2018",Florida,Cantonment,"1000 W Kingsfield Rd",0,0,N/A
"February 13, 2018","North Carolina",Charlotte,N/A,0,0,N/A
"February 13, 2018",Ohio,Dayton,"2900 block of Moraine Ave",0,0,N/A
"February 13, 2018",Wisconsin,Milwaukee,"N 92ND ST AND  W BIRCH AVE",0,0,N/A
"February 13, 2018",Washington,Spokane,"S Jefferson St and W Sprague Ave",0,1,N/A
"February 13, 2018",Wisconsin,Milwaukee,"4440 W FOREST HOME AVE",0,0,N/A
"February 13, 2018",Ohio,Lakemore,"1200 Main St",0,2,N/A
"February 13, 2018",Illinois,Chicago,"3800 S Princeton Ave",0,1,N/A
"February 13, 2018",Wisconsin,Milwaukee,"1200 E SINGER CR",0,0,N/A
"February 13, 2018",Missouri,Independence,"East 47th Street and Otter Road",0,1,N/A
"February 13, 2018",Ohio,Akron,"Herberich St and Lovers Ln",1,0,N/A
"February 13, 2018",Illinois,Chicago,"6700 S Justine St",0,1,N/A
"February 13, 2018",Florida,Gainesville,"3361 SW 41st Pl",2,0,N/A
"February 13, 2018",Washington,Seattle,"1200 block of S Cloverdale St",0,0,N/A
"February 13, 2018",California,Oakhurst,"50000 block of Road 620",0,0,N/A
"February 13, 2018",California,Hemet,"1700 block of S State St",0,1,N/A
"February 13, 2018",Kentucky,Louisville,"1600 block of Brashear Drive",0,1,N/A
"February 13, 2018",Florida,Melbourne,"1301 University Blvd",0,0,N/A
"February 13, 2018",California,"Garden Grove","Brookhurst Ave and Westminster Ave",0,0,N/A
"February 13, 2018",Wisconsin,Milwaukee,"N Teutonia Ave and W Capitol Dr",0,1,N/A
"February 13, 2018",California,"Kettleman City","200 block of Maud St",1,0,N/A
"February 13, 2018",California,Kerman,"Siskiyou and Jensen Ave",0,0,N/A
"February 13, 2018",Wisconsin,"Madison (Fitchburg)","2800 block of Coho St",0,0,N/A
"February 13, 2018",Alabama,Millbrook,"3100 block of Oliver Drive",0,2,N/A
"February 13, 2018",Wisconsin,"Sun Prairie","1516 W Main St",0,0,N/A
"February 13, 2018",Illinois,Chicago,"5300 S Bishop St",0,1,N/A
"February 13, 2018",Illinois,Chicago,"8400 S Martin Luther King Dr",0,1,N/A
"February 13, 2018",Illinois,Chicago,"7000 S Artesian Ave",0,1,N/A
"February 13, 2018",Louisiana,Rayne,"Bailey Street",0,1,N/A